관악구,신림동,신림동1길
종로구,창신동,동망산길
종로구,창신동,창신1길
도봉구,도봉동,마들
종로구,연지동,율곡
종로구,교남동,통일
중구,오장동,마른내
중구,중림동,손기정
구로구,온수동,경인
마포구,합정동,양화진길
용산구,후암동,한강대
영등포구,신길동,대방천
송파구,거여동,문정
성동구,성수동1가,성수일
성동구,송정동,송정4가길
종로구,인사동,인사동길
용산구,용문동,원효
관악구,봉천동,청룡16길
관악구,봉천동,참벗길
중구,쌍림동,퇴계
관악구,봉천동,청룡5길
성북구,동소문동7가,아리랑
서초구,방배동,청두곶8길
성북구,보문동3가,낙산길
중구,을지로7가,장충단
강서구,마곡동,마곡중앙12
서초구,방배동,전원말안13길
마포구,공덕동,만리재옛4길
용산구,서빙고동,서빙고
영등포구,당산동4가,국회대
중랑구,묵동,
관악구,봉천동,청룡6길
관악구,봉천동,낙성대역4길
마포구,공덕동,효창목길
구로구,가리봉동,벚꽃
성동구,성수동1가,성덕정9가길
구로구,가리봉동,우마1길
강동구,암사동,암사19길
중구,방산동,을지
도봉구,도봉동,평화
서대문구,연희동,성산
서대문구,남가좌동,명지대5길
은평구,구산동,서오릉
종로구,충신동,충신1길
서대문구,봉원동,봉원사길
종로구,통의동,효자
종로구,종로5가,동호
관악구,신림동,법원단지7길
구로구,천왕동,천왕
성동구,송정동,송정12마길
종로구,동숭동,낙산1길
구로구,신도림동,구
성동구,하왕십리동,무학봉길
종로구,신문로2가,경희궁길
성동구,성수동1가,서울숲길
용산구,갈월동,한강대
동대문구,휘경동,왕산
마포구,아현동,손기정
성동구,송정동,송정14길
성동구,상왕십리동,왕십리
종로구,와룡동,삼일대
종로구,창신동,낙산성곽서길
용산구,한강로1가,한강대
관악구,봉천동,청룡3길
서초구,방배동,전원말8길
마포구,공덕동,만리재옛12길
중구,신당동,마장
양천구,신월동,월정
용산구,후암동,신흥
서초구,반포동,주흥9길
관악구,신림동,약수암1길
송파구,잠실동,삼학사
용산구,한강로3가,청파
마포구,성산동,모래내
동대문구,신설동,천호대
성동구,용답동,용답7가길
관악구,봉천동,인헌12가길
구로구,가리봉동,우마2길
중구,충정로1가,정동길
서대문구,홍제동,홍제내2나길
중구,을지로4가,을지
강서구,가양동,강서
동대문구,전농동,전농
종로구,사직동,경희궁3나길
중랑구,상봉동,면목
성북구,안암동3가,인촌
강동구,성내동,천호옛8길
성동구,옥수동,한림말3길
관악구,봉천동,청림5가길
은평구,신사동,은평
금천구,독산동,서부샛길
은평구,역촌동,갈현
성동구,성수동2가,연무장7길
광진구,구의동,강변역
중랑구,망우동,겸재
송파구,풍납동,바람드리20길
성동구,송정동,광나루
관악구,봉천동,구암길
광진구,군자동,군자
서대문구,냉천동,독립문
서대문구,홍제동,세무서9길
서초구,양재동,언남14길
마포구,합정동,포은
강동구,성내동,천호옛10길
마포구,현석동,대흥
성동구,송정동,송정4길
관악구,봉천동,국회단지18길
중구,수하동,남대문
성동구,성수동2가,성덕정19길
관악구,봉천동,행운1라길
중구,주교동,동호
강남구,대치동,역삼
중구,남학동,삼일대
성동구,성수동1가,상원10다길
중랑구,망우동,용마공원
강동구,강일동,상일
서초구,염곡동,염곡안1길
관악구,봉천동,행운5길
영등포구,문래동4가,도림
관악구,봉천동,인헌16가길
용산구,문배동,청파
종로구,통인동,자하문
강남구,신사동,압구정
구로구,신도림동,신도림
송파구,신천동,오금
영등포구,영등포동,경인
영등포구,양평동1가,양산
은평구,진관동,진관1
관악구,신림동,광신길
송파구,풍납동,바람드리13길
용산구,청암동,삼개
관악구,신림동,원신7길
강북구,미아동,삼양
강서구,화곡동,강서
동대문구,제기동,종암
관악구,봉천동,국회단지5길
성동구,용답동,용답중앙27길
성북구,보문동7가,안암
은평구,진관동,진관길
종로구,연지동,창경궁
종로구,수송동,율곡
성동구,금호동2가,무수막10길
중구,을지로2가,을지
서초구,내곡동,청계산
종로구,행촌동,인왕산
중구,북창동,세종대
중구,의주로2가,칠패
강서구,개화동,개화4길
종로구,누상동,필운대
종로구,명륜3가,와룡공원길
종로구,명륜3가,명륜4나길
종로구,평창동,평창11길
관악구,신림동,법원단지21길
성동구,금호동3가,금호산6길
강동구,암사동,암사18길
서초구,우면동,송동길
마포구,아현동,환일2길
용산구,보광동,우사단
서초구,방배동,명달
관악구,봉천동,구암5길
양천구,신월동,청황4길
용산구,서계동,효창원
종로구,익선동,수표
은평구,역촌동,은평
중구,을지로2가,명동7가길
성동구,옥수동,
광진구,화양동,자양
강남구,삼성동,선릉
종로구,창신동,창신6길
성동구,금호동3가,금호산2길
마포구,아현동,숭문16다길
구로구,개봉동,고척
종로구,익선동,돈화문
동대문구,용두동,천호대
마포구,연남동,동교
구로구,항동,서해안
성동구,용답동,용답21길
종로구,동숭동,낙산성곽서길
중랑구,묵동,중랑역
용산구,청파동2가,효창원
관악구,봉천동,낙성대역14가길
중구,남산동1가,퇴계
은평구,불광동,연서
서대문구,홍은동,홍은중앙
용산구,산천동,원효
성동구,성수동2가,연무장17길
중구,신당동,동호
성동구,성수동1가,서울숲9길
종로구,혜화동,대학
중구,소공동,을지
동대문구,신설동,한빛
영등포구,영등포동,영신
마포구,신공덕동,마포대
용산구,한남동,한남대
강동구,성내동,성안
종로구,이화동,이화장1길
강북구,수유동,한천
마포구,상암동,성암
중구,광희동2가,장충단
종로구,관훈동,인사동길
중구,을지로2가,명동9가길
강동구,천호동,진황도
용산구,서계동,만리재
강북구,미아동,오패산
성동구,성수동1가,서울숲2길
종로구,창성동,효자
동대문구,전농동,왕산
서초구,우면동,식유촌길
영등포구,대림동,도신
서초구,내곡동,안골2길
영등포구,당산동3가,선유동1
중구,을지로2가,삼일대
종로구,장사동,청계천
중구,삼각동,남대문
마포구,대흥동,대흥
노원구,상계동,노원
중구,충무로1가,명동2길
성동구,옥수동,한림말5길
종로구,장사동,창경궁
강동구,상일동,천호대
동대문구,장안동,천호대
강서구,개화동,개화10길
종로구,돈의동,수표
송파구,송파동,백제고분
영등포구,영등포동,도신
관악구,봉천동,국회단지11길
성북구,돈암동,흥천사길
서대문구,신촌동,연대동문1길
성동구,하왕십리동,무학봉11가길
관악구,봉천동,구암7길
종로구,옥인동,자하문
동대문구,청량리동,홍릉
종로구,내자동,새문안
종로구,평창동,평창3길
중구,무교동,무교
마포구,성산동,새터산길
서대문구,홍은동,포방터4안길
영등포구,영등포동4가,영중
성동구,용답동,용답중앙11가길
중구,충무로5가,창경궁
구로구,개봉동,남부순환
마포구,성산동,새터산6길
관악구,봉천동,당곡6라길
광진구,광장동,워커힐
서초구,잠원동,강남대
종로구,신영동,자하문
강남구,신사동,선릉
성동구,도선동,왕십리
종로구,창신동,창신5다길
관악구,신림동,대학18길
송파구,문정동,중대
은평구,수색동,증산
종로구,효제동,김상옥
강동구,상일동,초광
관악구,신림동,난향16길
관악구,봉천동,장군봉2길
영등포구,영등포동2가,버드나루
종로구,견지동,삼봉
강남구,삼성동,봉은사
서대문구,대신동,봉원사2길
양천구,목동,공항대
성북구,보문동7가,보문
관악구,봉천동,장군봉11길
종로구,무악동,인왕산
관악구,남현동,남현7길
성동구,용답동,자동차시장1길
성북구,길음동,도봉
강남구,대치동,테헤란
강남구,일원동,양재대
중구,충무로4가,충무
금천구,독산동,시흥대
종로구,견지동,우정국
강남구,도곡동,양재천
용산구,청파동3가,청파
서초구,내곡동,신흥안길
영등포구,당산동1가,영신
관악구,신림동,원신9길
관악구,신림동,법원단지10길
동대문구,전농동,답십리
중구,남창동,남대문시장길
종로구,화동,율곡
관악구,봉천동,인헌3가길
영등포구,영등포동8가,국회대
마포구,합정동,성지길
송파구,삼전동,삼학사
마포구,공덕동,만리재옛11길
동대문구,신설동,왕산
성북구,장위동,장위
용산구,용산동2가,두텁바위
종로구,세종로,종로
서대문구,북가좌동,증가
구로구,가리봉동,우마1가길
마포구,대흥동,백범
성북구,보문동1가,보문
종로구,창신동,창신길
종로구,홍지동,세검정
동대문구,회기동,회기
관악구,봉천동,낙성대역14길
서초구,서초동,서리풀6길
영등포구,당산동2가,당산
용산구,청암동,원효
용산구,용문동,백범
성동구,성수동1가,성덕정1길
종로구,종로4가,창경궁
마포구,서교동,동교
서대문구,옥천동,독립문
성동구,사근동,사근동10길
서초구,양재동,청계산
강동구,암사동,암사13길
중구,을지로7가,퇴계
종로구,원서동,창덕궁3가길
강북구,수유동,솔매
용산구,용산동2가,소월
관악구,봉천동,장군봉15길
마포구,노고산동,고산7길
종로구,평창동,평창13길
중구,명동1가,명동길
송파구,거여동,오금
종로구,관훈동,인사동9길
종로구,동숭동,낙산길
중구,초동,충무
중구,명동2가,명동길
중랑구,면목동,용마산
서초구,양재동,강남대
영등포구,문래동5가,선유서
성동구,금호동3가,금호산2나길
동대문구,휘경동,휘경
종로구,명륜3가,명륜7길
중랑구,면목동,사가정
성동구,용답동,가람길
중랑구,상봉동,송림길
성북구,안암동2가,보문
종로구,누상동,옥인6가길
영등포구,영등포동6가,영신
영등포구,당산동1가,양산
종로구,평창동,평창12길
서초구,방배동,전원말안3길
성북구,보문동6가,낙산길
성동구,사근동,마조
성동구,용답동,용답25다길
송파구,문정동,송파대
마포구,연남동,연희
마포구,상암동,월드컵북
성북구,정릉동,동소문
관악구,봉천동,인헌2길
서대문구,홍제동,포방터길
서초구,반포동,강남대
중구,예관동,을지
중구,장충동2가,동호
양천구,목동,등촌
노원구,월계동,마들
관악구,신림동,법원단지14길
성북구,삼선동4가,동소문
용산구,청파동3가,백범
은평구,녹번동,녹번
마포구,서교동,홍익
동대문구,회기동,경희대
종로구,소격동,율곡
중구,남대문로2가,남대문
종로구,공평동,삼봉
양천구,신월동,달맞이3길
영등포구,문래동6가,선유
은평구,진관동,진관3
종로구,통인동,필운대
중구,신당동,퇴계
영등포구,당산동3가,양산
서초구,반포동,신반포
성동구,상왕십리동,마장
성동구,옥수동,한림말길
종로구,재동,북촌
동대문구,휘경동,망우
영등포구,영등포동6가,양산
종로구,창신동,청계천
종로구,청진동,삼봉
중구,무교동,다동길
용산구,용산동6가,이촌
종로구,원서동,와룡공원길
마포구,동교동,와우산
송파구,거여동,양산
영등포구,영등포동4가,경인
은평구,역촌동,서오릉
중구,장교동,청계천
송파구,잠실동,삼전
용산구,한남동,대사관
용산구,후암동,두텁바위
마포구,염리동,독막
강서구,등촌동,공항대
마포구,염리동,대흥
중구,을지로3가,충무
중구,인현동1가,을지
용산구,동자동,후암
송파구,풍납동,바람드리24길
마포구,망원동,포은
중구,남창동,퇴계
강서구,마곡동,마곡중앙1
마포구,아현동,환일7안길
성북구,장위동,돌곶이
성북구,동선동5가,동소문
성동구,금호동3가,장터5가길
마포구,대흥동,고산18길
성동구,성수동2가,성덕정21길
관악구,봉천동,국회단지27길
동대문구,휘경동,장안벚꽃
종로구,창신동,창신10길
서대문구,홍제동,세검정
은평구,갈현동,연서
종로구,효제동,대학
용산구,갈월동,두텁바위
서초구,염곡동,헌릉
마포구,대흥동,큰우물
종로구,필운동,필운대
노원구,월계동,광운
마포구,서교동,어울마당
영등포구,당산동1가,영등포
구로구,온수동,부일
종로구,내자동,자하문
관악구,봉천동,장군봉4길
용산구,한남동,유엔빌리지1길
서대문구,연희동,증가
서대문구,홍제동,통일
강서구,등촌동,등촌
양천구,신정동,은행정
마포구,성산동,새터산12길
서초구,서초동,서리풀3길
마포구,아현동,환일6길
서초구,방배동,전원말안15길
마포구,합정동,양화
강남구,청담동,영동대
종로구,신문로2가,경희궁3길
마포구,성산동,월드컵북
관악구,신림동,서원8길
영등포구,양평동3가,선유서
중랑구,신내동,구리포천고속도
종로구,평창동,평창24길
성북구,성북동,혜화
동대문구,장안동,장안벚꽃
성동구,행당동,왕십리
송파구,방이동,가락
관악구,봉천동,중앙길
종로구,평창동,평창33길
강서구,외발산동,남부순환
종로구,창신동,창신4길
서초구,우면동,형촌6길
관악구,신림동,난향9길
양천구,목동,목동중앙북
중구,충무로2가,삼일대
마포구,망원동,희우정
중구,을지로6가,청계천
영등포구,대림동,도영
강동구,길동,진황도
종로구,적선동,사직
영등포구,신길동,도림
중구,오장동,을지
종로구,관철동,삼일대
관악구,봉천동,행운1바길
동대문구,용두동,정릉천동
성북구,삼선동3가,삼선교
종로구,관훈동,인사동8길
강북구,미아동,숭인
관악구,봉천동,참숯2길
강남구,대치동,남부순환
서대문구,홍제동,세무서2가길
영등포구,영등포동5가,영등포
종로구,가회동,북촌
종로구,종로3가,종로
종로구,인사동,인사동6길
강동구,암사동,올림픽
종로구,명륜4가,대명길
관악구,신림동,법원단지29길
영등포구,신길동,대림
영등포구,문래동2가,도림
마포구,노고산동,백범
중구,충무로5가,동호
성북구,동선동2가,동소문
마포구,신정동,창전
관악구,신림동,신림동7길
관악구,봉천동,국회단지13길
마포구,도화동,새창
중랑구,망우동,봉우재
종로구,동숭동,동숭길
영등포구,당산동3가,국회대
성북구,보문동6가,동망산길
중구,예장동,삼일대
중구,남대문로5가,세종대
중구,광희동1가,동호
중랑구,면목동,중랑천
광진구,구의동,천호대
서대문구,합동,충정
마포구,구수동,독막
성동구,사근동,사근동10가길
종로구,명륜3가,명륜6길
용산구,청파동1가,효창원
관악구,봉천동,당곡6가길
서대문구,홍제동,인왕시장길
종로구,관수동,종로
중랑구,상봉동,상봉중앙
송파구,풍납동,바람드리6길
마포구,대흥동,토정
종로구,구기동,진흥
서대문구,홍제동,문화촌1길
송파구,풍납동,바람드리길
성동구,용답동,용답23길
양천구,신정동,신목
종로구,당주동,세종대
성동구,행당동,살곶이8길
성동구,성수동1가,성덕정9길
도봉구,도봉동,도봉산4가길
종로구,숭인동,숭인동1가길
관악구,신림동,신림동5나길
송파구,풍납동,바람드리25길
성북구,석관동,이문
성북구,안암동3가,안암
관악구,신림동,남부순환
성동구,용답동,용답23다길
서대문구,남가좌동,가재울미래
성동구,용답동,용답중앙23길
서초구,내곡동,안골1길
광진구,중곡동,면목
강남구,삼성동,삼성
관악구,신림동,난향3길
관악구,신림동,원신4길
종로구,숭인동,낙산길
강북구,수유동,삼각산
구로구,오류동,연동
관악구,남현동,승방3가길
서초구,양재동,양재천
용산구,용산동1가,이태원
종로구,평창동,평창14길
서초구,내곡동,능안말1길
성동구,용답동,자동차시장3길
양천구,목동,목동중앙본
종로구,소격동,북촌
중구,남산동2가,퇴계
마포구,성산동,새터산8길
노원구,공릉동,섬밭
성북구,정릉동,보국문
관악구,신림동,양지3길
구로구,가리봉동,우마1다길
성동구,금호동2가,무수막14길
성동구,마장동,살곶이2길
관악구,봉천동,행운7길
성동구,성수동2가,둘레15가길
중구,을지로2가,명동13길
노원구,하계동,한글비석
종로구,홍지동,자하문
성동구,금호동3가,금호산8길
종로구,동숭동,이화장길
성동구,금호동2가,매봉18길
마포구,공덕동,효창목2길
관악구,신림동,관천
서대문구,냉천동,경기대
종로구,원서동,창덕궁5길
성동구,송정동,송정8길
송파구,거여동,거마
종로구,평창동,세검정
동대문구,답십리동,천호대
서대문구,대신동,연대동문길
관악구,신림동,난향5길
동대문구,신설동,안암
마포구,상암동,월드컵
관악구,봉천동,국회단지4길
관악구,신림동,법원단지30길
종로구,부암동,백석동2길
중구,회현동1가,남산공원길
성북구,동선동1가,동소문
은평구,대조동,역말
성북구,보문동6가,지봉
성북구,동소문동6가,아리랑
서초구,반포동,주흥16길
종로구,평창동,평창26길
성동구,금호동2가,금호산15길
중구,저동2가,수표
강서구,개화동,개화12길
마포구,동교동,연남
도봉구,방학동,방학
마포구,상암동,한강난지
성동구,송정동,송정12가길
관악구,신림동,서림3길
구로구,구로동,서부샛길
강서구,공항동,하늘길
영등포구,여의도동,여의나루
성동구,성수동2가,둘레15길
서초구,반포동,주흥5길
종로구,사직동,경희궁3가길
송파구,삼전동,석촌호수
용산구,남영동,한강대
서초구,염곡동,탑성말길
종로구,신문로2가,경희궁3나길
서대문구,홍은동,홍지문2길
종로구,원남동,율곡
종로구,팔판동,삼청
종로구,장사동,돈화문
금천구,가산동,범안
성동구,사근동,사근동9가길
종로구,관수동,돈화문
송파구,오금동,마천
중구,저동2가,삼일대
금천구,독산동,가산
은평구,녹번동,진흥
송파구,송파동,석촌호수
강남구,대치동,선릉
노원구,상계동,노해
서대문구,충정로3가,경기대
서초구,우면동,성촌길
서초구,서초동,효령
성북구,안암동5가,인촌
용산구,한남동,다산
서초구,원지동,원터4길
성동구,성수동1가,상원6나길
종로구,창신동,창신4가길
강남구,논현동,학동
광진구,구의동,영화사
동대문구,회기동,이문
성동구,하왕십리동,무학봉15다길
성동구,성수동2가,둘레9길
성동구,송정동,송정2길
종로구,관훈동,인사동7길
서대문구,대신동,봉원사길
종로구,동숭동,동숭4라길
강남구,개포동,언주
동대문구,용두동,안암
종로구,명륜1가,성균관
구로구,개봉동,경인
성북구,정릉동,아리랑
용산구,신계동,청파
강북구,미아동,도봉
관악구,신림동,서원6길
용산구,동자동,한강대
성북구,삼선동1가,창경궁
성동구,하왕십리동,무학봉16길
서초구,우면동,형촌9길
성북구,정릉동,솔샘
관악구,신림동,서원10길
동대문구,전농동,사가정
서대문구,홍은동,포방터6길
송파구,가락동,송파대
마포구,신수동,백범
구로구,신도림동,새말
서대문구,북아현동,경기대
종로구,효제동,창경궁
중랑구,묵동,숙선옹주
관악구,신림동,신사
관악구,남현동,남현4길
종로구,신영동,진흥
종로구,세종로,삼청
종로구,효자동,자하문
광진구,군자동,면목
서초구,방배동,청두곶11길
종로구,평동,통일
양천구,신월동,달맞이길
종로구,이화동,이화장1나길
서대문구,남가좌동,명지대1다길
용산구,동자동,청파
마포구,공덕동,마포대
관악구,봉천동,한솔길
관악구,신림동,난향12길
성동구,행당동,무학봉26길
종로구,낙원동,인사동길
중구,순화동,세종대
양천구,신월동,국회대
마포구,연남동,월드컵북
성북구,길음동,서경
양천구,신정동,오목
관악구,봉천동,장군봉6길
서초구,우면동,성촌7길
송파구,잠실동,올림픽
마포구,창전동,독막
노원구,중계동,공릉
영등포구,영등포동,영등포
성북구,삼선동3가,보문
마포구,대흥동,독막
송파구,신천동,올림픽
관악구,신림동,대학4길
종로구,명륜2가,혜화
양천구,신월동,절골4길
마포구,토정동,토정
종로구,당주동,새문안
강동구,성내동,천호옛17길
관악구,봉천동,인헌23길
관악구,신림동,서원5길
용산구,한강로3가,새창
광진구,구의동,워커힐
관악구,봉천동,인헌16나길
성동구,금호동2가,금호산길
서초구,원지동,원터6길
도봉구,방학동,도당
성동구,금호동3가,무수막5가길
성동구,상왕십리동,난계
종로구,삼청동,팔판길
중구,필동3가,퇴계
서초구,방배동,청두곶15길
중랑구,묵동,중랑천
영등포구,영등포동1가,경인
마포구,신수동,토정
중구,입정동,청계천
마포구,노고산동,신촌
송파구,삼전동,삼전
관악구,신림동,양지길
성동구,마장동,살곶이길
종로구,동숭동,동숭4길
종로구,도렴동,새문안
종로구,충신동,김상옥
서초구,우면동,성촌4길
용산구,신계동,새창
마포구,대흥동,신촌
영등포구,영등포동7가,버드나루
마포구,신공덕동,독막
서대문구,봉원동,봉원사2길
관악구,신림동,신림동2길
서초구,염곡동,양재대
송파구,풍납동,바람드리16길
은평구,응암동,증산
성북구,보문동4가,안암
성동구,금호동2가,무수막길
중구,을지로2가,명동3길
송파구,석촌동,석촌호수
서초구,반포동,서래
서초구,반포동,반포대
서초구,내곡동,샘마을길
성동구,금호동3가,금호산길
서초구,서초동,사임당
마포구,동교동,월드컵북
종로구,누상동,옥인2길
관악구,신림동,서원3길
은평구,응암동,서오릉
종로구,평창동,평창16길
용산구,보광동,서빙고
종로구,옥인동,필운대
강서구,내발산동,강서
성북구,삼선동4가,삼선교
영등포구,신길동,신풍
강남구,수서동,광평
은평구,응암동,백련산
성동구,성수동1가,상원12길
성동구,용답동,용답9길
성북구,삼선동5가,삼선교
서초구,신원동,청룡마을4길
성동구,금호동1가,금호
마포구,염리동,숭문16가길
강동구,암사동,상암
광진구,광장동,영화사
서초구,양재동,언남18길
중구,을지로7가,을지
관악구,신림동,대학12길
서대문구,연희동,연희맛
중구,황학동,청계천
성북구,석관동,한천
서대문구,대현동,이화여대2나길
용산구,이태원동,장문
양천구,신정동,신정이펜1
은평구,대조동,연서
서초구,서초동,남부순환
관악구,봉천동,인헌13길
성동구,금호동2가,금호산14길
영등포구,양평동2가,선유서
동대문구,답십리동,사가정
관악구,남현동,승방1길
중구,명동2가,명동10길
마포구,합정동,월드컵
강남구,일원동,일원
도봉구,쌍문동,방학
용산구,한남동,독서당
종로구,창신동,창신5길
관악구,봉천동,당곡6다길
성동구,도선동,고산자
성동구,금호동3가,매봉18길
성동구,행당동,살곶이6길
은평구,응암동,가좌
종로구,구기동,비봉2길
강동구,천호동,상암
서초구,방배동,전원말4길
동대문구,휘경동,서울시립대
관악구,신림동,법원단지36길
동대문구,휘경동,외대역동
종로구,운니동,율곡
마포구,합정동,성지1길
구로구,천왕동,오리
노원구,공릉동,화랑
도봉구,도봉동,도당
양천구,신월동,신월
중구,충무로4가,창경궁
강남구,일원동,남부순환
중랑구,묵동,봉화산
성북구,장위동,화랑
성북구,보문동3가,보문사길
광진구,군자동,천호대
관악구,봉천동,청림5나길
구로구,궁동,경인
용산구,용산동2가,신흥
종로구,창신동,율곡
중구,신당동,장충단
관악구,신림동,문성
마포구,도화동,마포대
종로구,안국동,윤보선길
구로구,가리봉동,우마2가길
종로구,원서동,창덕궁길
송파구,잠실동,한가람
은평구,진관동,진관2
영등포구,여의도동,여의공원
마포구,창전동,와우산
강동구,길동,천중
송파구,풍납동,바람드리22길
종로구,부암동,백석동1길
성동구,용답동,용답25가길
종로구,창신동,창신5마길
관악구,남현동,남현3길
중구,필동3가,서애
서대문구,홍제동,홍제내길
성동구,성수동2가,연무장13길
종로구,창성동,자하문
종로구,평창동,평창36길
마포구,창전동,서강
용산구,원효로3가,원효
종로구,신영동,평창문화
종로구,부암동,인왕산
강북구,번동,월계
성동구,용답동,용답길
용산구,효창동,임정
용산구,이태원동,우사단
서대문구,신촌동,연대동문길
양천구,신월동,청황2길
종로구,종로3가,돈화문
마포구,망원동,마포나루길
성동구,마장동,살곶이2나길
중랑구,상봉동,중랑천
용산구,원효로2가,효창원
성북구,삼선동5가,보문
중랑구,신내동,용마산
종로구,창신동,낙산길
마포구,염리동,숭문16다길
서초구,원지동,양재대
양천구,목동,오목
성북구,길음동,정릉
서초구,양재동,언남길
양천구,신월동,절골9길
종로구,계동,계동4길
성동구,성수동2가,동일
종로구,가회동,창덕궁길
중구,충무로1가,소공
관악구,봉천동,쑥고개
중구,을지로6가,을지
종로구,낙원동,인사동4길
마포구,성산동,동교
관악구,신림동,대학5길
마포구,성산동,성암
중구,을지로1가,을지
마포구,아현동,굴레방
강동구,상일동,청뜰
노원구,월계동,우이천
용산구,효창동,백범
구로구,오류동,천왕
동대문구,답십리동,전농
성동구,성수동2가,둘레21가길
성동구,사근동,살곶이2가길
영등포구,영등포동6가,영등포
강남구,논현동,언주
강남구,일원동,영동대
용산구,원효로4가,효창원
금천구,독산동,두산
관악구,남현동,남현3가길
성동구,성수동2가,둘레19길
영등포구,문래동3가,문래북
강북구,번동,도봉
성동구,금호동3가,금호산9길
종로구,홍지동,홍지문4길
서대문구,북가좌동,응암
관악구,봉천동,행운2길
서초구,염곡동,염곡말길
마포구,신수동,신수
중구,태평로2가,남대문
관악구,신림동,쑥고개
성동구,행당동,행당
중구,저동1가,명동13길
송파구,풍납동,바람드리8길
서초구,우면동,중앙
노원구,공릉동,동일
관악구,봉천동,장군봉7길
서대문구,대현동,이화여대8길
서대문구,연희동,동교
성북구,안암동2가,인촌
영등포구,당산동2가,영등포
은평구,응암동,은평
성동구,용답동,용답중앙길
마포구,공덕동,만리재옛길
서초구,방배동,청두곶13길
마포구,연남동,성미산
관악구,봉천동,당곡길
서대문구,홍은동,증가
마포구,신수동,서강대길
종로구,동숭동,이화장2길
서초구,염곡동,탑성말1길
관악구,봉천동,국회단지10길
영등포구,양평동4가,선유
동대문구,제기동,약령중앙
동대문구,휘경동,전농
용산구,이촌동,이촌
송파구,풍납동,바람드리10길
서초구,양재동,마방
성북구,동소문동4가,동소문
양천구,목동,목동
성북구,길음동,동소문
관악구,봉천동,인헌16길
성동구,용답동,용답29길
성동구,행당동,고산자
종로구,행촌동,송월1길
구로구,개봉동,경서
종로구,동숭동,동숭4가길
서초구,양재동,언남11길
성동구,금호동3가,금호산9나길
관악구,봉천동,청룡1길
강남구,일원동,개포
금천구,시흥동,탑골
영등포구,문래동3가,선유
종로구,창신동,창신5라길
종로구,세종로,사직
성동구,용답동,용답17길
성동구,용답동,용답중앙11나길
성동구,성수동1가,연무장길
관악구,신림동,난우길
성북구,보문동4가,인촌
서대문구,홍은동,명지길
양천구,신월동,신남3길
종로구,신문로2가,경희궁1길
동대문구,용두동,답십리
종로구,명륜3가,명륜10길
중구,수표동,삼일대
성동구,금호동3가,금호산12길
관악구,신림동,법원단지34길
광진구,자양동,동일
종로구,원서동,창덕궁4길
강서구,개화동,개화길
동대문구,이문동,한천
종로구,화동,삼청
관악구,봉천동,행운6길
중구,광희동1가,퇴계
마포구,도화동,도화4길
중구,태평로2가,서소문
성동구,행당동,살곶이4길
송파구,마천동,문정
강동구,명일동,명일
용산구,한강로1가,백범
서대문구,북가좌동,불광천길
종로구,충신동,충신4나길
송파구,방이동,올림픽
중구,광희동1가,을지
중구,회현동1가,남대문
송파구,장지동,헌릉
강동구,상일동,고덕
서초구,방배동,전원말5길
영등포구,문래동6가,문래
중구,충무로5가,서애
서초구,방배동,전원말7길
서대문구,창천동,연세
광진구,구의동,구의강변
서초구,방배동,청두곶7길
송파구,문정동,동남
종로구,계동,창덕궁1길
종로구,공평동,인사동5길
은평구,진관동,통일
종로구,계동,창덕궁길
중랑구,망우동,신내
종로구,창신동,낙산성곽동길
강서구,가양동,양천
금천구,시흥동,금하
성동구,금호동3가,장터1가길
중구,쌍림동,마른내
마포구,서교동,월드컵북
금천구,가산동,두산
강동구,천호동,구천면
광진구,능동,광나루
서초구,양재동,언남9길
중구,인현동2가,마른내
성동구,행당동,무학봉16길
중구,소공동,남대문
종로구,평창동,평창22길
양천구,신정동,중앙
종로구,평창동,평창32길
서초구,반포동,주흥3길
관악구,봉천동,인헌3나길
강남구,삼성동,영동대
마포구,상수동,토정
용산구,용산동3가,이태원
강서구,방화동,방화동
관악구,봉천동,인헌12길
중구,저동2가,마른내
마포구,노고산동,고산길
서대문구,북아현동,이화여대8길
관악구,봉천동,행운길
용산구,한강로3가,이촌
강동구,고덕동,고덕
성동구,금호동4가,독서당
종로구,적선동,자하문
강동구,천호동,천중
강북구,미아동,솔매
성동구,행당동,사근동길
종로구,삼청동,와룡공원길
종로구,동숭동,낙산4길
송파구,오금동,성내천
영등포구,문래동3가,영등포
광진구,중곡동,동일
강남구,신사동,강남대
서대문구,남가좌동,증가
서초구,우면동,성촌8길
성동구,하왕십리동,난계
성동구,하왕십리동,무학봉12길
종로구,동숭동,동숭2길
강서구,오쇠동,대장
종로구,명륜4가,대학
강동구,성내동,천호옛14길
관악구,신림동,신원
중구,필동2가,서애
종로구,공평동,우정국
중구,명동2가,남대문
동대문구,청량리동,회기
중랑구,중화동,중랑역
관악구,봉천동,낙성대역3길
마포구,염리동,숭문16나길
마포구,상암동,마포나루길
중구,정동,정동길
중구,을지로4가,창경궁
성북구,안암동5가,안암
은평구,진관동,연서
중랑구,중화동,동일
강서구,오곡동,벌말
종로구,인의동,김상옥
관악구,봉천동,청룡15길
중구,을지로2가,명동9길
종로구,중학동,율곡
용산구,도원동,새창
영등포구,영등포동7가,영신
종로구,명륜2가,창경궁
중구,충무로4가,퇴계
동대문구,신설동,난계
마포구,상수동,와우산
서초구,방배동,동작대
영등포구,도림동,도림
중구,봉래동1가,통일
관악구,남현동,승방7길
성동구,용답동,용답중앙1길
강남구,역삼동,선릉
종로구,효제동,율곡
중구,쌍림동,장충단
중구,남산동3가,소파
영등포구,영등포동7가,
성동구,옥수동,매봉18길
종로구,봉익동,율곡
성동구,성수동2가,둘레길
중랑구,면목동,면목
강남구,역삼동,도곡
성동구,용답동,용답25길
영등포구,양평동1가,선유동1
마포구,도화동,도화2안길
중구,필동2가,필동
관악구,신림동,신림동길
종로구,숭인동,숭인동1다길
양천구,신월동,청황3길
강서구,화곡동,우장산
성북구,돈암동,북악산
용산구,산천동,효창원
서대문구,홍제동,간호대
용산구,한남동,이태원
강남구,논현동,선릉
서대문구,신촌동,성산
성동구,금호동2가,무수막16길
성북구,하월곡동,종암
마포구,동교동,동교
종로구,부암동,백석동1가길
종로구,세종로,세종대
중구,산림동,청계천
관악구,신림동,성림3길
종로구,팔판동,팔판길
송파구,마천동,성내천
종로구,혜화동,성균관
관악구,봉천동,당곡2길
중구,회현동1가,남대문시장10길
서초구,우면동,양재대
강동구,둔촌동,동남
영등포구,당산동,노들
동대문구,용두동,왕산
관악구,신림동,양지4길
양천구,신월동,절골10길
송파구,장지동,탄천동
마포구,성산동,새터산9길
송파구,장지동,송파대
서대문구,신촌동,봉원사2길
종로구,효자동,효자
용산구,용문동,새창
종로구,청운동,창의문
서대문구,대현동,이화여대5길
영등포구,양평동3가,선유동2
광진구,화양동,아차산
용산구,한남동,회나무
강남구,역삼동,언주
종로구,이화동,충신6길
성북구,상월곡동,화랑
중구,남대문로4가,남대문시장길
양천구,목동,목동서
종로구,창신동,창신4나길
관악구,신림동,법원단지25길
성동구,성수동2가,연무장5길
용산구,이태원동,녹사평대
성동구,하왕십리동,무학봉15나길
관악구,남현동,남현1가길
마포구,대흥동,고산길
중구,충무로2가,수표
관악구,신림동,대학10길
용산구,한강로3가,한강대
관악구,신림동,양지1길
용산구,한강로2가,청파
성동구,성수동2가,둘레9나길
강서구,오쇠동,개화동
성동구,성수동1가,강변북
종로구,송월동,통일
구로구,궁동,부일
중구,태평로2가,소공
서초구,양재동,동산
성동구,사근동,사근동8가길
관악구,신림동,미성7길
도봉구,도봉동,도봉산4나길
서대문구,홍은동,포방터2다길
종로구,신문로2가,새문안
강동구,천호동,선사
마포구,공덕동,만리재옛10길
관악구,신림동,관악
영등포구,영등포동7가,양산
마포구,합정동,마포나루길
중랑구,상봉동,동일
용산구,청파동1가,청파
마포구,아현동,환일1길
강남구,도곡동,남부순환
종로구,원서동,창덕궁3나길
관악구,봉천동,낙성대역16길
강북구,수유동,노해
성북구,성북동1가,성북
서대문구,연희동,홍연2길
성동구,금호동3가,금호산10길
성동구,성수동2가,성덕정15길
종로구,창신동,창신8길
종로구,구기동,비봉5길
성북구,동소문동5가,동소문
서초구,서초동,사평대
마포구,염리동,숭문2길
중랑구,면목동,봉우재
관악구,봉천동,국회단지22길
송파구,풍납동,강동대
구로구,오류동,오리
종로구,창신동,창신7가길
서대문구,홍제동,홍제원6안길
중구,남대문로5가,후암
영등포구,문래동4가,선유
성북구,장위동,월계
종로구,숭인동,보문
성북구,삼선동4가,보문
중랑구,상봉동,상봉
관악구,남현동,남현8길
영등포구,여의도동,의사당대
서초구,신원동,본마을길
구로구,개봉동,개봉
영등포구,영등포동5가,영중
구로구,구로동,가마산
종로구,신영동,평창1길
성동구,용답동,용답15가길
서대문구,대현동,연세
중구,남창동,남대문시장6길
강북구,수유동,수유
영등포구,문래동2가,경인
성동구,용답동,용답중앙21길
마포구,합정동,성지5길
서초구,양재동,언남1길
종로구,관수동,삼일대
강남구,대치동,삼성
중구,광희동1가,장충단
영등포구,당산동,버드나루
구로구,천왕동,광남
종로구,팔판동,청와대
마포구,서교동,와우산
성동구,성수동2가,연무장11길
성북구,장위동,한천
중랑구,신내동,송림길
중구,충무로1가,명동8길
성동구,성수동1가,상원길
서대문구,충정로2가,충정
중구,필동3가,필동
노원구,상계동,동일
송파구,석촌동,송파대
구로구,고척동,목동
강동구,성내동,강동대
서대문구,충정로3가,신촌
강서구,마곡동,마곡중앙3
중구,중림동,만리재
관악구,봉천동,행운1가길
송파구,잠실동,잠실
성동구,용답동,용답중앙13가길
마포구,공덕동,효창목5길
마포구,망원동,월드컵
양천구,신월동,중앙
중구,명동1가,명동11길
종로구,원서동,창덕궁7길
마포구,아현동,환일8길
관악구,봉천동,인헌17길
마포구,구수동,창전
도봉구,도봉동,도봉산길
서대문구,홍제동,홍제내2라길
중구,남대문로5가,통일
중구,필동1가,퇴계
중구,소공동,세종대
종로구,사간동,율곡
성동구,용답동,용답9나길
양천구,신월동,절골5길
관악구,봉천동,청림3라길
성북구,안암동5가,개운사길
관악구,봉천동,국회단지17길
영등포구,영등포동7가,국회대
강북구,수유동,화계사1가길
서초구,내곡동,능안말길
서초구,양재동,언남12길
종로구,숭인동,숭인동길
성동구,성수동1가,둘레7길
관악구,신림동,복은4길
강서구,외발산동,오정
마포구,염리동,숭문12가길
종로구,구기동,비봉길
서대문구,남가좌동,모래내
관악구,봉천동,행운9길
강동구,상일동,상암
서초구,반포동,서초중앙
중구,정동,서소문
서대문구,대현동,신촌역
광진구,능동,능동
송파구,풍납동,바람드리14길
성동구,성수동2가,뚝섬
영등포구,영등포동2가,국회대
종로구,평창동,평창2길
강남구,삼성동,테헤란
종로구,창신동,지봉
성동구,성수동1가,뚝섬
송파구,문정동,문정
마포구,상수동,어울마당
성북구,동선동4가,아리랑
용산구,원효로1가,백범
도봉구,도봉동,도봉산3길
용산구,용산동4가,녹사평대
성북구,종암동,회기
중구,남대문로3가,남대문
성동구,금호동3가,장터5길
성동구,성수동1가,둘레7가길
서대문구,대현동,신촌
용산구,청파동3가,한강대
용산구,용산동6가,서빙고
강남구,역삼동,강남대
성동구,금호동3가,장터1길
은평구,대조동,진흥
금천구,시흥동,시흥대
강서구,내발산동,우장산
종로구,평창동,평창20길
성동구,금호동4가,장터길
관악구,봉천동,인헌3길
구로구,가리봉동,디지털
동대문구,신설동,하정
마포구,성산동,새터산5길
서초구,서초동,서초중앙
관악구,봉천동,국회단지16길
강동구,성내동,천호대
도봉구,도봉동,시루봉
서초구,신원동,본마을1길
종로구,송현동,율곡
종로구,궁정동,효자
영등포구,영등포동5가,양산
양천구,목동,목동중앙남
종로구,평창동,평창1길
서초구,신원동,새정3길
종로구,충신동,충신4길
마포구,염리동,큰우물
서초구,방배동,전원말안7길
용산구,청파동3가,원효
중구,장충동2가,서애
강북구,번동,
관악구,봉천동,청룡8길
관악구,신림동,광신1길
동대문구,제기동,약령시
성동구,성수동1가,둘레9길
강동구,고덕동,동남
종로구,평창동,평창40길
은평구,진관동,대서문길
성북구,정릉동,서경
마포구,공덕동,효창원
종로구,연건동,창경궁
강서구,내발산동,공항대
성북구,하월곡동,화랑
마포구,대흥동,고산11길
성동구,용답동,용답중앙15길
영등포구,당산동4가,당산
관악구,신림동,대학7길
종로구,신문로2가,경희궁1가길
성북구,안암동5가,개운사2길
영등포구,도림동,도신
양천구,신월동,신정
중구,명동1가,명동7길
강남구,개포동,
구로구,항동,경인
마포구,성산동,연남
종로구,홍지동,홍지문1길
강서구,마곡동,공항대
중구,봉래동1가,칠패
관악구,남현동,남부순환
관악구,신림동,신림동3길
성동구,성수동1가,상원8길
서초구,신원동,본마을2길
성북구,동소문동7가,동소문
서대문구,충정로2가,경기대
관악구,신림동,서림11길
관악구,신림동,양지2길
서초구,내곡동,헌인릉길
성동구,하왕십리동,마장
마포구,현석동,토정
성동구,용답동,용답11길
용산구,원효로2가,원효
광진구,중곡동,천호대
마포구,아현동,환일4길
서대문구,연희동,홍연길
송파구,문정동,송이
송파구,오금동,문정
관악구,봉천동,소담길
서대문구,연희동,홍연8길
동대문구,청량리동,경동시장
송파구,풍납동,바람드리2길
마포구,대흥동,숭문14길
서대문구,홍제동,홍제내2바길
마포구,상암동,구룡길
성동구,행당동,무학봉28길
관악구,봉천동,인헌14길
중구,오장동,동호
송파구,거여동,마천
종로구,체부동,필운대
관악구,봉천동,청림길
강동구,상일동,구천면
동대문구,용두동,한빛
종로구,화동,북촌
관악구,신림동,난우16길
금천구,가산동,디지털
마포구,성산동,잔다리
강서구,오쇠동,오정
영등포구,여의도동,63
성동구,성수동1가,상원6길
은평구,응암동,통일
중구,충무로5가,마른내
관악구,봉천동,당곡6길
성동구,금호동2가,무수막18길
마포구,아현동,환일7길
성동구,옥수동,독서당
중구,장충동1가,장충단
서초구,방배동,방배천
도봉구,도봉동,창포원
관악구,봉천동,낙성대역12길
구로구,구로동,벚꽃
마포구,노고산동,고산5길
성동구,송정동,송정6길
성동구,용답동,용답중앙3나길
관악구,신림동,난우12길
종로구,묘동,돈화문
중구,남창동,소파
마포구,합정동,희우정
서초구,반포동,고무래
관악구,봉천동,성현
동대문구,답십리동,황물
관악구,신림동,원신2길
구로구,가리봉동,구
종로구,홍지동,홍지문3길
관악구,봉천동,청림5길
동대문구,제기동,안암
관악구,신림동,법원단지5길
관악구,봉천동,구암5가길
종로구,구기동,평창4길
금천구,독산동,벚꽃
종로구,이화동,이화장2길
마포구,망원동,망원
관악구,신림동,서원2길
관악구,봉천동,장군봉9길
종로구,명륜1가,혜화
서대문구,봉원동,성산
중구,필동1가,충무
성동구,마장동,살곶이2가길
양천구,신월동,절골14길
용산구,서빙고동,이촌
마포구,창전동,창전
중구,충무로3가,충무
강동구,성내동,천호옛12길
관악구,봉천동,중앙2길
서초구,양재동,양재대
성동구,용답동,용답3길
중구,필동2가,퇴계
종로구,서린동,무교
중구,쌍림동,동호
성북구,동소문동3가,동소문
서대문구,연희동,신촌
중구,남산동2가,소공
구로구,고척동,고척
성동구,사근동,왕십리
송파구,가락동,오금
은평구,역촌동,진흥
성동구,마장동,마조
관악구,신림동,법원단지9길
서대문구,합동,서소문
관악구,봉천동,행운4길
성동구,마장동,마장
마포구,신수동,신촌
동대문구,청량리동,제기
성동구,성수동2가,연무장5가길
강남구,역삼동,논현
성북구,동소문동1가,성북
관악구,신림동,서림6길
관악구,신림동,법원단지28길
강북구,미아동,솔샘
관악구,봉천동,낙성대역10길
서초구,방배동,전원말안9길
성동구,용답동,용답중앙25길
서초구,양재동,남부순환
관악구,신림동,법원단지5가길
동대문구,전농동,망우
강남구,대치동,양재천
성북구,동선동4가,동소문
관악구,신림동,법원단지32길
은평구,갈현동,통일
송파구,가락동,문정
종로구,이화동,낙산4길
성동구,용답동,용답19가길
동대문구,휘경동,회기
서대문구,홍제동,세무서10길
성동구,금호동3가,무수막1길
종로구,평창동,평창길
동대문구,제기동,고산자
서초구,양재동,매헌
종로구,관훈동,인사동5길
구로구,구로동,도림천
종로구,운니동,돈화문
마포구,창전동,토정
관악구,봉천동,청룡4길
중구,을지로1가,무교
종로구,인사동,인사동3길
도봉구,도봉동,도봉산4길
종로구,봉익동,돈화문
중구,무학동,퇴계
성동구,성수동2가,둘레13길
종로구,평창동,평창15길
관악구,남현동,승방2길
중랑구,중화동,중랑천
종로구,묘동,율곡
마포구,합정동,동교
종로구,평창동,평창21길
중구,서소문동,세종대
강서구,공항동,오정
강서구,외발산동,발산
영등포구,대림동,대방천
은평구,응암동,진흥
성북구,보문동4가,보문
관악구,남현동,승방4길
종로구,견지동,율곡
중구,봉래동2가,통일
강동구,둔촌동,강동대
마포구,합정동,양화진2길
중구,다동,을지
노원구,상계동,덕릉
관악구,신림동,원신6길
광진구,구의동,뚝섬
성동구,성수동1가,상원10길
양천구,신월동,달맞이2길
관악구,남현동,남현2길
영등포구,대림동,시흥대
동대문구,전농동,서울시립대
영등포구,양평동3가,국회대
마포구,염리동,숭문10길
종로구,평창동,평창7길
서초구,내곡동,안골3길
강서구,개화동,개화3길
노원구,하계동,공릉
강남구,수서동,밤고개
성동구,성수동2가,성수이
노원구,공릉동,노원
마포구,염리동,숭문4안길
강북구,수유동,화계사1나길
구로구,고척동,경서
용산구,원효로4가,원효
강동구,상일동,동남
관악구,신림동,대학2길
강서구,화곡동,초록마을
성북구,보문동1가,인촌
성북구,안암동4가,보문
종로구,계동,창덕궁7길
관악구,봉천동,행운1다길
관악구,봉천동,당곡4길
중구,저동2가,퇴계
용산구,신계동,백범
성동구,금호동3가,장터길
중구,산림동,을지
종로구,창신동,창신12길
서대문구,신촌동,연세
종로구,종로6가,낙산성곽서길
중구,남창동,남대문시장2가길
성북구,돈암동,보문
종로구,낙원동,돈화문
관악구,남현동,승방3길
종로구,인의동,동순라길
종로구,홍파동,송월1길
관악구,신림동,법원단지31길
용산구,한남동,우사단
동대문구,답십리동,한천
성동구,사근동,사근동9길
성동구,용답동,용답중앙3가길
강남구,율현동,헌릉
중랑구,상봉동,신내
관악구,신림동,대학21길
서대문구,창천동,명물길
서대문구,옥천동,영천시장길
성동구,사근동,사근동4길
양천구,신정동,목동남
용산구,한강로2가,백범
종로구,신문로2가,사직
마포구,신공덕동,만리재옛2길
영등포구,양화동,노들
관악구,봉천동,국회단지21길
성동구,금호동4가,장터2길
은평구,수색동,수색
중구,남대문로1가,남대문
성북구,보문동5가,지봉
도봉구,창동,도봉
양천구,신월동,새곡6길
중구,남창동,소월
관악구,봉천동,행운8길
영등포구,양평동1가,문래북
관악구,신림동,원신1길
중구,장충동2가,퇴계
강북구,미아동,인수봉
마포구,아현동,만리재
마포구,공덕동,만리재옛12안길
강남구,개포동,개포
중구,수하동,을지
강서구,방화동,금낭화
성동구,하왕십리동,왕십리
성동구,홍익동,마장
성동구,하왕십리동,무학봉23길
서대문구,홍제동,모래내
서대문구,홍은동,포방터2나길
관악구,봉천동,청림1길
중랑구,신내동,신내역
용산구,신계동,원효
종로구,이화동,낙산성곽서길
성동구,성수동1가,둘레9가길
송파구,풍납동,한가람
중랑구,면목동,상봉
종로구,동숭동,동숭4나길
종로구,도렴동,세종대
영등포구,당산동4가,영신
종로구,인사동,삼일대
서대문구,홍제동,송죽길
서초구,원지동,새원길
은평구,구산동,연서
관악구,봉천동,청림3나길
중구,명동2가,명동8길
구로구,구로동,시흥대
서초구,우면동,성촌5길
성동구,금호동1가,
마포구,노고산동,고산2길
종로구,수송동,우정국
종로구,재동,계동길
중구,초동,마른내
강북구,수유동,화계사1길
중구,중림동,중림
서초구,반포동,올림픽대
중구,방산동,청계천
서초구,내곡동,헌인릉1길
관악구,봉천동,청룡11길
광진구,자양동,강변북
은평구,불광동,불광
중구,오장동,퇴계
서대문구,연희동,모래내
성동구,성수동1가,상원10가길
중구,예장동,필동
관악구,봉천동,참숯4길
성북구,동선동5가,아리랑
강동구,둔촌동,명일
서초구,서초동,법원
관악구,신림동,법원단지26길
성동구,옥수동,동호
양천구,목동,안양천
강남구,율현동,밤고개
영등포구,문래동3가,영신
중구,서소문동,서소문
종로구,명륜3가,명륜5길
서초구,방배동,전원말9길
종로구,삼청동,북촌
중랑구,면목동,답십리
종로구,와룡동,돈화문
성북구,하월곡동,장월
종로구,혜화동,혜화
서대문구,남가좌동,명지대1길
송파구,오금동,동남
강서구,화곡동,까치산
서초구,서초동,서리풀길
동대문구,제기동,약령동길
중랑구,묵동,공릉
서대문구,홍제동,홍제원3길
서대문구,남가좌동,거북골
송파구,문정동,법원
광진구,구의동,광나루
중구,신당동,왕십리
중랑구,면목동,동일
마포구,신공덕동,만리재
마포구,아현동,만리재옛길
관악구,신림동,대학7가길
관악구,봉천동,인헌1나길
관악구,신림동,양지12길
용산구,한강로2가,한강대
영등포구,당산동6가,양평
종로구,숭인동,종로
관악구,봉천동,국회단지길
종로구,평창동,평창44길
서대문구,창천동,신촌
구로구,구로동,도림
종로구,충신동,충신길
종로구,평동,경교장길
성동구,응봉동,고산자
중구,저동1가,삼일대
금천구,독산동,범안
종로구,평창동,평창23길
마포구,대흥동,고산17길
종로구,봉익동,서순라길
마포구,상암동,가양대
중랑구,신내동,신내
서대문구,대현동,이화여대1길
도봉구,쌍문동,해등
송파구,송파동,송파대
성동구,하왕십리동,무학
관악구,봉천동,청룡2길
동대문구,제기동,무학
용산구,후암동,후암
서초구,우면동,성촌6길
마포구,신수동,서강
종로구,종로3가,서순라길
강서구,화곡동,가로공원로
관악구,봉천동,인헌19길
강서구,마곡동,강서
강남구,역삼동,역삼
관악구,봉천동,인헌7길
성북구,동선동1가,보문
종로구,이화동,율곡
관악구,신림동,서원7길
종로구,내수동,사직
영등포구,문래동4가,경인
송파구,풍납동,바람드리26길
성동구,용답동,천호대
도봉구,쌍문동,도당
종로구,충신동,충신2길
관악구,남현동,남현12길
서초구,반포동,주흥6길
종로구,명륜3가,명륜2길
서대문구,창천동,연희
송파구,풍납동,바람드리15길
관악구,봉천동,인헌15길
서초구,내곡동,안골4길
서대문구,홍제동,세무서3길
용산구,한강로2가,서빙고
용산구,한남동,소월
관악구,신림동,원신11길
마포구,염리동,숭문14길
송파구,삼전동,백제고분
서초구,잠원동,반포대
서대문구,옥천동,통일
관악구,신림동,법원단지16길
광진구,화양동,동일
성북구,동소문동1가,동소문
서대문구,천연동,독립문
성동구,성수동2가,아차산
강동구,명일동,상암
관악구,신림동,원신5길
마포구,성산동,새터산4길
성북구,삼선동2가,낙산길
성북구,안암동1가,인촌
종로구,평창동,평창30길
강북구,미아동,덕릉
종로구,내수동,경희궁2길
도봉구,쌍문동,노해
마포구,대흥동,고산16길
성동구,홍익동,무학
종로구,예지동,창경궁
도봉구,방학동,해등
관악구,신림동,대학14길
도봉구,쌍문동,삼양
종로구,평동,새문안
강남구,개포동,영동대
금천구,가산동,남부순환
성북구,보문동3가,보문
성동구,용답동,용답25나길
관악구,봉천동,청룡13길
동대문구,청량리동,약령시
서대문구,남가좌동,명지대3길
관악구,봉천동,청림6길
강동구,둔촌동,진황도
성북구,하월곡동,회기
강동구,상일동,조정대
금천구,시흥동,독산
성북구,동선동2가,보문
종로구,명륜2가,대명길
관악구,봉천동,보라매
종로구,종로6가,청계천
중구,을지로3가,수표
관악구,봉천동,인헌4길
마포구,신수동,대흥
성동구,송정동,송정10길
서초구,신원동,새정길
성동구,하왕십리동,무학봉15길
관악구,신림동,서림9길
종로구,충신동,율곡
중구,회현동3가,퇴계
노원구,중계동,노원
서대문구,창천동,신촌역
성동구,성수동1가,아차산
구로구,가리봉동,남부순환
은평구,진관동,의상봉길
중구,광희동1가,마른내
마포구,염리동,마포대
성동구,하왕십리동,무학봉15라길
관악구,남현동,승방10길
송파구,문정동,새말
서대문구,홍은동,연희
종로구,통의동,자하문
성동구,용답동,용답27길
관악구,신림동,서림11가길
서초구,우면동,형촌10길
관악구,봉천동,참숯1길
영등포구,여의도동,여의동
관악구,신림동,신림동5길
성동구,하왕십리동,무학봉21길
영등포구,영등포동1가,신길
관악구,봉천동,낙성대역길
광진구,능동,천호대
종로구,경운동,인사동8길
서초구,신원동,청룡마을길
중구,신당동,을지
서대문구,대현동,이화여대2다길
성동구,용답동,용답25라길
서초구,양재동,언남16길
종로구,송월동,송월길
서대문구,대현동,이화여대1안길
양천구,신월동,새곡2길
마포구,공덕동,만리재옛9길
성북구,성북동,북악산
종로구,누상동,옥인6길
종로구,화동,윤보선길
종로구,평창동,평창4길
성동구,행당동,살곶이길
마포구,염리동,숭문12길
영등포구,문래동3가,도림
관악구,신림동,성림길
노원구,상계동,한글비석
중구,신당동,청계천
양천구,신월동,화곡
마포구,성산동,증산
성동구,용답동,용답13길
중구,무교동,을지
서초구,우면동,형촌7길
관악구,신림동,난우10길
중랑구,면목동,겸재
마포구,합정동,성지3길
서초구,내곡동,홍씨마을길
관악구,신림동,대학16길
송파구,풍납동,바람드리4길
영등포구,당산동2가,양산
영등포구,당산동6가,당산
중구,남산동3가,퇴계
마포구,염리동,숭문5길
강동구,암사동,선사
마포구,신정동,서강
서대문구,북아현동,신촌
은평구,신사동,은평터널
서초구,내곡동,헌릉
관악구,신림동,신우길
서대문구,영천동,통일
관악구,신림동,양산2길
강동구,암사동,암사1길
서대문구,연희동,홍연4길
종로구,평창동,평창31길
영등포구,신길동,여의대방
강서구,공항동,방화대
양천구,신월동,청황5길
용산구,용문동,효창원
마포구,신수동,창전
서초구,원지동,새원3길
서초구,서초동,강남대
송파구,장지동,위례중앙
종로구,명륜3가,명륜8길
성동구,하왕십리동,무학봉15가길
서대문구,홍제동,홍제원길
성동구,성수동1가,서울숲4길
중구,태평로2가,세종대
강남구,도곡동,선릉
성북구,성북동,대사관
관악구,신림동,원신길
성동구,송정동,송정12나길
마포구,신공덕동,임정
종로구,숭인동,청계천
관악구,봉천동,낙성대역8길
서대문구,미근동,서소문
종로구,내자동,사직
중구,정동,덕수궁길
관악구,신림동,복은6길
영등포구,신길동,영등포
관악구,신림동,동마길
영등포구,양평동6가,양평
중구,정동,세종대
서대문구,대현동,이화여대3길
서초구,우면동,태봉
동대문구,전농동,한천
강서구,등촌동,강서
강남구,대치동,도곡
강서구,외발산동,방화대
광진구,군자동,광나루
종로구,사직동,경희궁3길
성동구,사근동,사근동11가길
성동구,하왕십리동,무학봉13길
서초구,신원동,새정2길
성동구,용답동,용답중앙11길
성동구,사근동,사근동2길
성동구,금호동2가,금호산9길
양천구,목동,목동동
마포구,아현동,숭문16나길
성동구,용답동,마장
영등포구,대림동,신길
강서구,화곡동,화곡
관악구,봉천동,국회단지14길
용산구,주성동,서빙고
마포구,대흥동,서강대길
영등포구,영등포동3가,영등포
종로구,장사동,종로
종로구,종로6가,충신1길
종로구,궁정동,자하문
강서구,방화동,방화대
중구,명동1가,남대문
광진구,광장동,천호대
성북구,삼선동2가,보문
노원구,상계동,상계
종로구,창신동,창신9길
도봉구,쌍문동,시루봉
서대문구,신촌동,북아현
중구,순화동,통일
강북구,수유동,화계사길
마포구,중동,월드컵북
동대문구,장안동,사가정
중구,남대문로5가,소월
강동구,길동,명일
종로구,옥인동,옥인4길
마포구,도화동,토정
종로구,계동,창덕궁4길
관악구,신림동,법원단지24길
동대문구,이문동,이문
종로구,종로2가,수표
마포구,구수동,신수
양천구,신월동,절골11길
영등포구,양평동1가,선유서
관악구,봉천동,인헌9길
종로구,충신동,낙산성곽서길
광진구,구의동,자양
강남구,개포동,삼성
강서구,염창동,양천
종로구,원서동,창덕궁3길
관악구,봉천동,행운1길
성동구,금호동4가,금호
관악구,봉천동,남부순환
마포구,합정동,토정
영등포구,영등포동,도림
성동구,사근동,사근동11다길
서대문구,대현동,이화여대7길
양천구,신월동,오목
성동구,용답동,용답7길
은평구,수색동,증산서길
관악구,봉천동,장군봉1길
서대문구,홍제동,세무서8길
관악구,봉천동,청림3길
성동구,성수동2가,둘레11길
관악구,신림동,봉천
강동구,명일동,양재대
성동구,마장동,고산자
서대문구,홍제동,세무서5길
중구,신당동,난계
용산구,효창동,청파
종로구,원남동,창경궁
강서구,화곡동,국회대
송파구,오금동,양재대
관악구,신림동,복은14길
강남구,역삼동,테헤란
광진구,중곡동,답십리
종로구,경운동,인사동10길
서대문구,대현동,이화여대2길
금천구,시흥동,기아
중구,수표동,청계천
강북구,수유동,덕릉
종로구,숭인동,지봉
관악구,봉천동,청림3가길
은평구,갈현동,갈현
중구,인현동1가,충무
종로구,와룡동,성균관
관악구,신림동,성림2길
성북구,석관동,화랑
동대문구,이문동,외대역동
서초구,양재동,언남7길
마포구,서교동,잔다리
성동구,송정동,송정12바길
관악구,신림동,법원단지2길
관악구,봉천동,행운1나길
관악구,봉천동,인헌16다길
성동구,행당동,무학봉길
성동구,용답동,용답1길
성동구,송정동,송정12길
성동구,금호동3가,동호
중구,수표동,충무
관악구,신림동,법원단지길
서대문구,충정로3가,서소문
관악구,봉천동,청림3바길
중구,충무로2가,명동8가길
종로구,평창동,평창10길
중구,을지로1가,남대문
성북구,동소문동6가,동소문
마포구,동교동,신촌
관악구,신림동,미성길
마포구,망원동,성산
강동구,암사동,구천면
서대문구,미근동,충정
양천구,신월동,절골6길
마포구,마포동,마포대
서초구,방배동,전원말안1길
관악구,봉천동,국회단지12길
은평구,증산동,수색
종로구,안국동,북촌
중구,만리동2가,만리재
마포구,염리동,백범
종로구,원서동,창덕궁1가길
강남구,대치동,영동대
마포구,공덕동,만리재옛8길
중구,봉래동1가,세종대
은평구,역촌동,연서
송파구,가락동,동남
강남구,신사동,도산대
종로구,원서동,율곡
서대문구,홍제동,세무서6길
종로구,부암동,북악산
마포구,연남동,연남
중구,명동2가,명동2길
중구,예관동,창경궁
강동구,둔촌동,천호대
서초구,우면동,형촌길
마포구,동교동,어울마당
중구,회현동2가,퇴계
관악구,신림동,서원길
관악구,신림동,법원단지5라길
강북구,수유동,4.19
관악구,남현동,승방9길
송파구,풍납동,바람드리23길
서초구,방배동,과천대
종로구,창신동,낙산성곽길
서초구,신원동,본마을4길
종로구,와룡동,율곡
강서구,공항동,방화동
강남구,개포동,선릉
강동구,성내동,올림픽
서대문구,홍은동,명지대길
중구,초동,을지
용산구,원효로2가,새창
서초구,신원동,청룡마을1길
관악구,신림동,법원단지12길
구로구,신도림동,경인
관악구,신림동,법원단지5다길
서초구,방배동,청두곶9길
성동구,성수동1가,상원4길
성북구,안암동4가,안암
마포구,용강동,대흥
서대문구,홍은동,포방터2가길
송파구,장지동,백제고분
종로구,동숭동,낙산2길
은평구,신사동,가좌
종로구,명륜2가,성균관
용산구,청암동,새창
중구,서소문동,덕수궁길
관악구,신림동,장군봉길
성동구,금호동2가,무수막12길
용산구,이태원동,소월
종로구,명륜3가,창경궁
영등포구,여의도동,국제금융
마포구,대흥동,고산2길
구로구,고척동,경인
성동구,금호동3가,매봉길
마포구,창전동,신촌
종로구,관철동,우정국
관악구,신림동,대학20길
마포구,서교동,독막
성동구,옥수동,한림말1길
용산구,청파동2가,청파
양천구,신월동,신남1길
종로구,신문로2가,송월길
종로구,평창동,평창35길
관악구,신림동,조원
관악구,봉천동,청룡7길
강서구,가양동,공항대
영등포구,당산동5가,영신
관악구,봉천동,서림1길
용산구,원효로3가,청파
성동구,용답동,용답중앙19길
금천구,독산동,한내
성동구,성수동2가,성덕정17가길
종로구,청운동,자하문
중구,광희동2가,퇴계
중구,쌍림동,을지
성북구,삼선동2가,삼선교
강남구,일원동,광평
영등포구,영등포동8가,영중
종로구,서린동,청계천
서대문구,충정로3가,북아현
성동구,용답동,용답7나길
성동구,용답동,용답19길
성동구,송정동,송정12라길
중구,명동1가,명동3길
성동구,사근동,살곶이2길
성북구,성북동,성북
서대문구,홍은동,통일
종로구,동숭동,동숭4다길
용산구,동빙고동,서빙고
성북구,보문동3가,지봉
종로구,숭인동,숭인동1나길
성동구,마장동,무학
중구,황학동,난계
강북구,미아동,오현
중구,만리동2가,손기정
마포구,서교동,성미산
성동구,홍익동,왕십리
성동구,성수동1가,성덕정3가길
성동구,성수동2가,둘레21길
서초구,우면동,형촌5길
서초구,원지동,새원4길
송파구,방이동,위례성대
영등포구,여의도동,여의대방
성동구,행당동,마조
성동구,성수동2가,둘레17길
성북구,안암동5가,개운사1길
성동구,하왕십리동,무학봉18길
강동구,성내동,성내
중구,무교동,청계천
성동구,성수동2가,연무장18길
성북구,동소문동2가,동소문
종로구,예지동,청계천
광진구,자양동,자양강변길
성동구,행당동,무학봉18길
양천구,신월동,절골3길
종로구,계동,계동2길
중구,남대문로5가,퇴계
중구,남대문로5가,한강대
성동구,성수동2가,성덕정9가길
성북구,길음동,길음
서초구,방배동,청두곶12길
종로구,옥인동,옥인길
서초구,반포동,주흥7길
영등포구,양평동5가,양평
서초구,내곡동,능안말2길
강동구,명일동,천중
서대문구,홍은동,거북골
서초구,방배동,서초대
성동구,금호동1가,행당
성동구,성수동2가,둘레11가길
종로구,동숭동,동숭3길
종로구,명륜1가,명륜7길
성동구,성수동1가,상원1길
종로구,서린동,종로
성동구,용답동,용답9가길
용산구,문배동,백범
종로구,부암동,창의문
성동구,성수동2가,성덕정19가길
송파구,방이동,백제고분
중랑구,묵동,동일
성북구,종암동,북악산
양천구,목동,목동중앙서
중구,충무로3가,퇴계
성동구,성수동2가,연무장15길
동대문구,용두동,고산자
종로구,연건동,대학
종로구,부암동,백석동길
종로구,신교동,옥인5길
서초구,양재동,논현
강남구,논현동,논현
성동구,금호동3가,무수막3길
종로구,관훈동,인사동6길
관악구,봉천동,관악
마포구,아현동,서소문
강서구,마곡동,마곡중앙
마포구,중동,모래내
중구,장충동2가,필동
동대문구,이문동,경희대
동대문구,이문동,회기
성동구,성수동1가,둘레3가길
관악구,신림동,서림5길
송파구,마천동,거마
종로구,계동,북촌
종로구,창신동,창신10가길
중랑구,중화동,망우
동대문구,휘경동,한천
종로구,수송동,삼봉
은평구,응암동,불광천길
중구,신당동,매봉18길
성동구,송정동,송정18가길
서초구,양재동,언남5길
성동구,성수동2가,연무장길
종로구,명륜4가,대명1길
중구,을지로2가,남대문
종로구,명륜3가,명륜3길
서초구,신원동,청룡마을3길
서대문구,북가좌동,거북골
중구,무학동,다산
강동구,천호동,양재대
금천구,독산동,금하
중구,필동1가,수표
성동구,금호동2가,금호산12길
관악구,신림동,난향15길
중구,장충동1가,퇴계
은평구,녹번동,통일
성동구,송정동,가람길
강서구,마곡동,마곡서1
마포구,동교동,연희
성동구,하왕십리동,무학봉26길
성북구,석관동,돌곶이
관악구,신림동,서림1길
성북구,하월곡동,동소문
강북구,번동,한천
종로구,종로5가,청계천
중구,다동,남대문
관악구,신림동,양지8길
종로구,명륜1가,명륜길
노원구,월계동,초안산
서초구,원지동,원터1길
영등포구,영등포동3가,경인
영등포구,양평동2가,영등포
중구,태평로1가,세종대
구로구,구로동,새말
성동구,성수동1가,광나루
서초구,서초동,명달
서초구,신원동,청계산
중랑구,망우동,망우
성동구,성수동2가,연무장3길
성동구,성수동1가,둘레3길
성동구,응봉동,독서당
양천구,신월동,새곡4길
강동구,성내동,천호옛길
강북구,우이동,삼양
종로구,적선동,새문안
종로구,누하동,자하문
금천구,가산동,시흥대
서대문구,홍은동,명지2길
종로구,종로2가,삼일대
종로구,누하동,필운대
송파구,풍납동,바람드리9길
중구,황학동,다산
중구,예장동,퇴계
성북구,장위동,장월
서초구,반포동,주흥11길
서대문구,창천동,성산
영등포구,여의도동,여의서
중구,충무로1가,명동4길
성북구,성북동,선잠
영등포구,당산동2가,선유동1
종로구,홍지동,홍지문2가길
관악구,봉천동,인헌길
성북구,삼선동5가,인촌
종로구,창신동,창신5나길
성동구,사근동,사근동11나길
은평구,진관동,북한산
양천구,신월동,달맞이1길
노원구,상계동,수락산
영등포구,영등포동8가,버드나루
영등포구,당산동2가,문래북
성동구,성수동2가,성덕정13길
동대문구,제기동,홍릉
강동구,암사동,암사11길
서초구,원지동,새원1길
중구,을지로2가,명동11길
영등포구,신길동,가마산
성동구,사근동,사근동길
영등포구,여의도동,은행
송파구,마천동,감이남
종로구,누하동,옥인길
중구,순화동,칠패
구로구,가리봉동,우마3길
송파구,풍납동,올림픽
은평구,대조동,불광
관악구,봉천동,국회단지15길
마포구,공덕동,만리재
강서구,마곡동,마곡중앙6
동대문구,답십리동,답십리
중구,충무로2가,퇴계
광진구,군자동,동일
성동구,송정동,송정16길
관악구,신림동,난향6길
양천구,신월동,청황길
마포구,중동,성암
성동구,금호동2가,금호산17길
관악구,봉천동,국회단지25길
관악구,봉천동,인헌12다길
성동구,상왕십리동,청계천
종로구,창신동,창신6다길
중구,흥인동,다산
서대문구,대신동,성산
중구,충정로1가,통일
강서구,방화동,개화동
은평구,구산동,갈현
관악구,신림동,복은길
관악구,남현동,남현길
성동구,하왕십리동,행당
중구,예관동,퇴계
서초구,내곡동,신흥말길
종로구,신문로1가,경희궁길
강서구,마곡동,마곡중앙8
영등포구,영등포동2가,영등포
종로구,교북동,송월길
송파구,오금동,중대
성동구,용답동,용답중앙3길
용산구,이태원동,회나무
서대문구,홍제동,홍제원6길
용산구,보광동,장문
성동구,하왕십리동,무학봉20길
양천구,신정동,신정
강남구,도곡동,언주
관악구,봉천동,중앙1길
서초구,신원동,본마을3길
종로구,인사동,인사동1길
중구,저동2가,을지
서대문구,홍은동,명지대2안길
영등포구,도림동,영신
동대문구,장안동,답십리
성동구,성수동2가,성수일
종로구,행촌동,사직
강남구,세곡동,헌릉
송파구,마천동,마천
마포구,신정동,신수
중구,인현동1가,마른내
용산구,용산동3가,한강대
성동구,용답동,용답23라길
서대문구,홍제동,홍제내2가길
강서구,내발산동,남부순환
성동구,송정동,송정18길
강동구,상일동,상일
서대문구,홍제동,세무서7길
관악구,신림동,난향14길
중구,북창동,남대문
서대문구,남가좌동,명지대2안길
서대문구,연희동,홍연6안길
성동구,용답동,용답중앙5길
강동구,천호동,올림픽
성동구,용답동,용답중앙7길
성북구,동소문동3가,보문
관악구,봉천동,국회단지20길
마포구,동교동,홍익
서초구,원지동,원터5길
종로구,내수동,새문안
동대문구,회기동,홍릉
강서구,개화동,금낭화
중구,흥인동,마장
송파구,풍납동,바람드리12길
종로구,관훈동,인사동12길
관악구,봉천동,용담길
마포구,상수동,독막
중구,예장동,소파
강서구,마곡동,마곡중앙2
중구,회현동1가,퇴계
강서구,가양동,화곡
성동구,사근동,사근동5길
성동구,하왕십리동,무학봉25길
중구,주교동,청계천
동대문구,이문동,신이문
서초구,원지동,청계산
마포구,아현동,대흥
성북구,길음동,숭인
성동구,성수동2가,강변북
노원구,하계동,중계
강북구,번동,오패산
영등포구,문래동3가,문래
영등포구,당산동3가,영신
강남구,역삼동,봉은사
강동구,강일동,고덕
종로구,종로3가,수표
은평구,수색동,은평터널
양천구,신월동,남부순환
종로구,명륜3가,명륜9길
서초구,방배동,방배중앙
성동구,행당동,왕십리광장
관악구,봉천동,국회단지6길
영등포구,양평동4가,선유동2
송파구,오금동,오금
마포구,상암동,매봉산
종로구,사간동,삼청
종로구,재동,율곡
강동구,암사동,암사5길
서초구,내곡동,헌인릉2길
서초구,서초동,서리풀8길
서초구,염곡동,염곡안2길
영등포구,영등포동8가,영신
마포구,염리동,숭문6길
성동구,성수동1가,서울숲7길
종로구,숭인동,동망산길
노원구,월계동,덕릉
중구,봉래동2가,칠패
관악구,신림동,신림
종로구,명륜3가,성균관
은평구,진관동,진관4
성북구,종암동,월곡
송파구,문정동,정의
종로구,충신동,충신4가길
영등포구,양평동2가,양산
양천구,신정동,목동동
동대문구,제기동,왕산
양천구,신정동,남부순환
서대문구,현저동,통일
마포구,염리동,신촌
중구,남학동,퇴계
성북구,삼선동2가,동소문
종로구,익선동,삼일대
강남구,자곡동,밤고개
중구,명동1가,명동9길
서대문구,홍제동,세무서2길
도봉구,쌍문동,도봉
마포구,대흥동,고산14길
성동구,성수동2가,광나루
중랑구,상봉동,망우
마포구,성산동,새터산16길
성동구,성수동2가,연무장1길
종로구,사직동,사직
노원구,월계동,석계
성동구,옥수동,매봉길
서초구,우면동,형촌8길
광진구,군자동,능동
용산구,서계동,청파
노원구,월계동,월계
관악구,봉천동,중앙1가길
종로구,평창동,평창6길
중구,저동1가,수표
성동구,마장동,사근동11길
관악구,신림동,난향7길
서대문구,홍제동,홍제내2길
종로구,필운동,자하문
중구,소공동,소공
중구,회현동2가,소공
양천구,신월동,새곡7길
관악구,신림동,양지10길
종로구,창신동,창신7길
강남구,논현동,봉은사
성동구,성수동1가,성덕정5길
강서구,화곡동,월정
구로구,오류동,서해안
도봉구,창동,마들
종로구,행촌동,송월길
서대문구,남가좌동,명지대1라길
송파구,방이동,마천
양천구,목동,신목
중랑구,망우동,송림길
영등포구,대림동,디지털
중구,남창동,남대문시장8길
중구,남창동,남대문시장2길
종로구,도렴동,사직
중구,입정동,을지
송파구,송파동,송이
종로구,이화동,이화장길
성동구,금호동3가,금호산4길
종로구,명륜3가,명륜1길
용산구,한남동,장문
은평구,녹번동,응암
서초구,양재동,언남10길
용산구,문배동,원효
중구,묵정동,서애
관악구,신림동,성림1길
마포구,대흥동,숭문길
양천구,신월동,새곡1길
중구,주자동,삼일대
중랑구,망우동,신내역
용산구,이태원동,보광
송파구,풍납동,토성
송파구,풍납동,바람드리28길
강동구,명일동,암사19길
송파구,마천동,오금
중구,초동,퇴계
강동구,둔촌동,풍성
서초구,우면동,우면산
용산구,용산동2가,녹사평대
서대문구,신촌동,신촌역
중구,명동2가,명동4길
서대문구,홍은동,포방터10길
강서구,화곡동,등촌
성동구,성수동2가,성덕정길
용산구,남영동,두텁바위
종로구,종로5가,대학
성동구,금호동3가,금호산9가길
관악구,봉천동,인헌1길
중랑구,망우동,용마산
노원구,공릉동,중계
동대문구,이문동,화랑
금천구,가산동,가마산
서대문구,홍제동,세무서길
강동구,길동,양재대
강동구,암사동,고덕
관악구,신림동,양산3길
성동구,옥수동,뚝섬
영등포구,양평동3가,양산
서대문구,남가좌동,명지대7길
성동구,사근동,사근동11길
중구,인현동2가,을지
영등포구,문래동3가,당산
성동구,성수동1가,상원2길
송파구,잠실동,송파대
구로구,고척동,안양천
서대문구,홍제동,세무서1길
강남구,세곡동,자곡
종로구,관철동,청계천
동대문구,제기동,약령서1길
성동구,용답동,용답중앙11다길
종로구,관훈동,인사동14길
마포구,공덕동,백범
금천구,가산동,가산디지털1
관악구,신림동,서림7길
송파구,송파동,오금
강동구,명일동,동남
서초구,양재동,언남17길
서초구,방배동,청두곶길
은평구,신사동,증산
영등포구,당산동5가,양평
서초구,방배동,동광
종로구,구기동,세검정
종로구,구기동,비봉1길
종로구,종로6가,충신길
서대문구,남가좌동,수색
종로구,충신동,충신6길
중구,을지로2가,수표
종로구,교남동,경교장1길
중구,흥인동,퇴계
송파구,풍납동,천호대
서초구,잠원동,잠원
관악구,신림동,밤골길
광진구,자양동,뚝섬
광진구,구의동,아차산
종로구,인사동,인사동5길
종로구,평창동,북악산
동대문구,제기동,제기
성동구,성수동1가,둘레3나길
강서구,개화동,개화동
중구,명동2가,명동8가길
강서구,개화동,개화2길
종로구,경운동,율곡
서대문구,충정로3가,독립문
서대문구,홍은동,홍지문길
마포구,하중동,토정
종로구,연지동,김상옥
은평구,불광동,통일
종로구,신교동,필운대
동대문구,제기동,정릉천동
송파구,거여동,성내천
서초구,방배동,전원말11길
서초구,서초동,서리풀4길
영등포구,대림동,도림
중구,무교동,남대문
관악구,신림동,법원단지33길
영등포구,신길동,도신
영등포구,양평동2가,문래
용산구,동빙고동,녹사평대
송파구,신천동,잠실
영등포구,양평동1가,영등포
양천구,신정동,신월
중구,저동1가,명동길
관악구,신림동,난우2길
서초구,반포동,동작대
영등포구,영등포동,도영
중구,을지로6가,장충단
용산구,서빙고동,녹사평대
성북구,보문동2가,지봉
서초구,방배동,전원말6길
종로구,계동,창덕궁1가길
중구,주교동,을지
서초구,방배동,청두곶6길
강서구,공항동,남부순환
성동구,용답동,용답중앙9길
강서구,오곡동,개화동
성동구,성수동1가,둘레길
강동구,암사동,암사1가길
구로구,고척동,중앙
광진구,광장동,광나루
서초구,반포동,주흥13길
강서구,방화동,하늘길
중구,남산동2가,소파
마포구,신수동,광성
성동구,사근동,사근동8길
중구,방산동,동호
관악구,신림동,양지9길
송파구,풍납동,바람드리17길
광진구,중곡동,능동
구로구,오류동,경인
성동구,성수동1가,성덕정7길
관악구,신림동,서림길
관악구,봉천동,당곡6나길
성동구,행당동,마장
중구,을지로5가,동호
강서구,화곡동,공항대
송파구,방이동,양재대
서대문구,홍은동,모래내
종로구,견지동,인사동11길
서대문구,충정로2가,통일
관악구,남현동,승방길
관악구,봉천동,청림3마길
광진구,구의동,구의
종로구,돈의동,돈화문
종로구,창신동,낙산5길
종로구,종로6가,김상옥
관악구,봉천동,청룡9길
강서구,과해동,하늘길
관악구,신림동,법원단지13길
마포구,노고산동,고산3길
강서구,화곡동,우현
광진구,화양동,군자
종로구,권농동,율곡
양천구,신정동,목동
동대문구,용두동,청계천
영등포구,여의도동,국회대
양천구,목동,용왕정길
성동구,성수동1가,서울숲6길
강남구,논현동,도산대
서대문구,남가좌동,명지대1나길
종로구,행촌동,통일
관악구,신림동,원신8길
강남구,논현동,
송파구,송파동,가락
마포구,동교동,양화
서초구,양재동,바우뫼
서초구,양재동,헌릉
강동구,길동,동남
송파구,장지동,성남대
종로구,누상동,옥인길
서대문구,홍은동,포방터2라길
종로구,숭인동,난계
종로구,낙원동,수표
관악구,신림동,시흥대
관악구,신림동,난향길
중구,남대문로4가,남대문
강서구,방화동,양천
강북구,우이동,방학
중구,회현동1가,소공
서초구,방배동,방배선행길
마포구,공덕동,효창목5안길
노원구,월계동,화랑
종로구,소격동,삼청
강남구,자곡동,자곡
종로구,안국동,율곡
서초구,반포동,잠원
서초구,원지동,원터2길
도봉구,창동,덕릉
마포구,공덕동,효창목4길
용산구,한남동,서빙고
동대문구,장안동,한천
용산구,원효로1가,원효
종로구,사직동,경희궁길
관악구,봉천동,낙성대
관악구,봉천동,국회단지9길
강남구,개포동,양재대
강서구,마곡동,마곡중앙5
노원구,중계동,한글비석
성북구,보문동2가,보문
강남구,도곡동,강남대
노원구,하계동,노원
성동구,사근동,사근동12길
동대문구,휘경동,이문
송파구,잠실동,탄천동
성동구,금호동3가,무수막5길
관악구,봉천동,국회단지2길
관악구,신림동,복은10길
종로구,인의동,창경궁
관악구,봉천동,국회단지8길
종로구,관훈동,인사동11길
노원구,중계동,중계
성동구,금호동3가,무수막7길
은평구,대조동,서오릉
중구,충무로1가,퇴계
중구,묵정동,퇴계
중구,다동,청계천
중구,충무로3가,수표
서대문구,남가좌동,가재울
동대문구,이문동,천장산
성동구,용답동,용답15길
종로구,관훈동,우정국
강서구,마곡동,양천
서초구,방배동,사평대
성동구,용답동,용답중앙17길
영등포구,문래동6가,문래북
서초구,원지동,새원2길
송파구,거여동,송파대
중구,봉래동2가,청파
중구,충정로1가,새문안
강서구,등촌동,양천
서초구,방배동,청두곶3길
서초구,방배동,효령
성북구,안암동5가,북악산
용산구,한강로2가,새창
관악구,신림동,대학6길
서초구,잠원동,나루터
종로구,체부동,자하문
관악구,신림동,태흥길
마포구,대흥동,고산9길
양천구,신월동,신남길
서대문구,홍제동,문화촌길
중구,초동,수표
관악구,신림동,참숯5길
양천구,신월동,절골12길
중구,인현동2가,퇴계
중구,중림동,청파
강동구,암사동,암사길
영등포구,당산동,국회대
성북구,성북동1가,창경궁
양천구,신월동,학등3길
마포구,아현동,숭문16길
마포구,신수동,독막
서대문구,북아현동,독립문
종로구,계동,창덕궁3나길
양천구,목동,국회대
영등포구,영등포동4가,문래
동대문구,용두동,무학
서대문구,북가좌동,명지대3길
동대문구,답십리동,고미술
송파구,잠실동,백제고분
중구,명동2가,명동6길
관악구,신림동,양지14길
종로구,명륜3가,명륜4가길
동대문구,청량리동,고산자
강북구,수유동,삼양
서초구,반포동,주흥17길
용산구,한강로1가,이태원
성북구,성북동,창경궁
서대문구,북아현동,북아현
강동구,둔촌동,양재대
영등포구,영등포동6가,영중
송파구,잠실동,석촌호수
송파구,문정동,충민
서초구,방배동,청두곶10길
강북구,미아동,월계
영등포구,양평동4가,양평
구로구,구로동,구일
강남구,청담동,삼성
관악구,봉천동,인헌1가길
영등포구,양평동3가,선유동1
중구,삼각동,청계천
마포구,망원동,동교
성동구,용답동,용답5길
구로구,오류동,오류
중구,묵정동,동호
관악구,신림동,원신10길
성동구,금호동4가,동호
서대문구,대현동,이화여대2가길
중구,태평로1가,무교
은평구,응암동,응암
서초구,신원동,새정1길
종로구,낙원동,삼일대
서초구,방배동,전원말안길
성북구,보문동5가,보문
강남구,도곡동,도곡
중구,회현동1가,소파
용산구,원효로1가,청파
관악구,봉천동,중앙1나길
관악구,봉천동,인헌1다길
서대문구,영천동,영천시장길
관악구,봉천동,인헌6길
서초구,내곡동,안골길
마포구,상암동,증산
강동구,명일동,고덕
영등포구,문래동3가,경인
마포구,노고산동,서강
마포구,현석동,신수
구로구,가리봉동,우마1나길
서초구,우면동,능선길
은평구,진관동,갈현
성동구,성수동1가,성덕정3길
관악구,신림동,복은12길
용산구,신창동,원효
마포구,성산동,새터산14길
영등포구,문래동6가,선유서
관악구,신림동,법원단지5나길
송파구,방이동,오금
강서구,가양동,허준
관악구,봉천동,참숯길
강동구,성내동,풍성
종로구,부암동,자하문
광진구,광장동,구천면
성동구,도선동,무학
종로구,신문로2가,경희궁3가길
서대문구,홍은동,백련사길
중구,신당동,다산
서초구,염곡동,염곡안3길
강동구,길동,성안
용산구,보광동,보광
마포구,서교동,신촌
종로구,신문로1가,세종대
구로구,항동,연동
마포구,구수동,토정
관악구,신림동,신림동5가길
강남구,개포동,논현
강남구,청담동,학동
강동구,강일동,아리수
마포구,아현동,환일길
마포구,염리동,숭문길
마포구,상암동,하늘공원
성동구,용답동,용답23가길
서대문구,홍은동,포방터2길
성동구,금호동3가,금호산10가길
용산구,용산동5가,한강대
성동구,사근동,사근동8나길
영등포구,대림동,대림
용산구,용산동5가,서빙고
서초구,양재동,언남19길
양천구,신월동,새곡3길
종로구,인사동,인사동4길
성동구,성수동2가,성덕정11길
성동구,금호동3가,금호산2가길
용산구,원효로2가,백범
서대문구,미근동,통일
강남구,역삼동,
마포구,도화동,도화2길
성동구,행당동,난계
영등포구,문래동1가,경인
종로구,필운동,사직
송파구,오금동,위례성대
영등포구,당산동5가,선유동2
마포구,신정동,토정
성동구,금호동2가,금호산9가길
성동구,사근동,사근동7길
송파구,방이동,강동대
영등포구,영등포동4가,영등포
종로구,동숭동,동숭1길
관악구,봉천동,청림2길
광진구,중곡동,용마산
중구,산림동,창경궁
서초구,우면동,형촌3길
중구,주교동,창경궁
중구,충무로5가,퇴계
도봉구,방학동,시루봉
성동구,성수동2가,연무장9길
강서구,화곡동,곰달래
강남구,청담동,압구정
마포구,도화동,큰우물
중구,남창동,남대문
관악구,신림동,복은7길
강동구,성내동,양재대
송파구,가락동,송이
관악구,신림동,법원단지18길
영등포구,문래동5가,경인
강남구,압구정동,압구정
송파구,석촌동,백제고분
성동구,금호동4가,매봉길
관악구,봉천동,국회단지7길
도봉구,방학동,마들
서초구,방배동,방배
마포구,도화동,삼개
마포구,용강동,큰우물
송파구,장지동,충민
금천구,시흥동,은행나무
양천구,신정동,목동서
용산구,이촌동,양녕
중구,순화동,서소문
도봉구,방학동,도봉
동대문구,신설동,보문
종로구,누상동,옥인3길
종로구,관훈동,인사동10길
영등포구,영등포동7가,영중
성동구,금호동2가,금호
송파구,가락동,양재대
중구,주자동,퇴계
서대문구,연희동,송죽길
은평구,불광동,진흥
강동구,고덕동,아리수
관악구,봉천동,청림3다길
강서구,마곡동,마곡중앙10
종로구,계동,계동길
관악구,신림동,난향10길
서대문구,대신동,연대동문1길
서초구,염곡동,염곡안길
영등포구,양평동,영등포
강동구,암사동,아리수
관악구,봉천동,양녕
서초구,신원동,탑성말길
관악구,봉천동,청룡중앙길
서초구,방배동,전원말2길
관악구,봉천동,참숯5길
은평구,갈현동,서오릉
관악구,봉천동,장군봉5길
종로구,창신동,창신11길
강남구,압구정동,강남대
마포구,성산동,새터산14안길
중구,을지로5가,을지
중랑구,면목동,면목천
강남구,세곡동,밤고개
종로구,이화동,대학
성북구,정릉동,길음
관악구,신림동,양지11길
서초구,반포동,주흥1길
서초구,내곡동,능안말3길
중랑구,신내동,봉화산
종로구,창신동,낙산성곽1길
성북구,동선동2가,인촌
성북구,길음동,삼양
성북구,동선동3가,동소문
영등포구,당산동,양평
마포구,도화동,도화길
마포구,합정동,어울마당
영등포구,당산동6가,선유
양천구,신월동,새곡5길
동대문구,제기동,약령서길
종로구,적선동,효자
강동구,성내동,천호옛6길
용산구,용산동2가,남산공원길
관악구,신림동,양지5길
동대문구,청량리동,왕산
관악구,신림동,양지15길
서대문구,홍제동,홍제내2다길
종로구,종로4가,종로
성동구,성수동2가,연무장19길
관악구,신림동,법원단지3길
서대문구,연희동,연희
서초구,내곡동,샘마루길
금천구,독산동,독산
성동구,성수동2가,성덕정17길
성북구,하월곡동,월계
종로구,창신동,창신2길
서초구,서초동,서운
금천구,가산동,가산
영등포구,양평동1가,선유
송파구,풍납동,바람드리1길
서대문구,홍은동,포방터4길
마포구,상암동,상암산
마포구,합정동,양화진4길
종로구,명륜3가,명륜길
서대문구,북가좌동,수색
종로구,신문로1가,새문안
용산구,청파동3가,효창원
중구,태평로2가,덕수궁길
마포구,합정동,독막
종로구,무악동,통일
마포구,당인동,토정
서초구,반포동,주흥10길
용산구,신창동,효창원
중랑구,망우동,상봉
마포구,성산동,새터산10길
용산구,효창동,효창원
중구,황학동,퇴계
관악구,봉천동,장군봉13길
관악구,봉천동,낙성대역18길
성동구,하왕십리동,청계천
송파구,신천동,송파대
관악구,신림동,양지13길
성북구,동선동3가,보문
중구,무교동,세종대
서대문구,남가좌동,명지대길
구로구,구로동,공원
마포구,염리동,숭문12나길
성동구,성수동1가,둘레5길
용산구,한남동,유엔빌리지길
금천구,시흥동,삼성산길
성동구,성수동1가,상원10나길
서대문구,홍제동,홍제원1길
서초구,우면동,형촌2길
금천구,가산동,가산디지털2
마포구,용강동,토정
서대문구,연희동,홍연6길
종로구,명륜4가,창경궁
강서구,과해동,개화동
종로구,평창동,평창8길
종로구,궁정동,창의문
영등포구,양평동3가,선유
중구,충무로3가,마른내
중구,충무로1가,남대문
구로구,가리봉동,우마길
마포구,노고산동,고산12길
성동구,행당동,독서당
성동구,성수동1가,상원6가길
중랑구,면목동,망우
서초구,신원동,헌릉
서대문구,홍은동,포방터8길
서초구,우면동,성촌1길
중구,을지로3가,을지
관악구,남현동,승방6길
강남구,청담동,선릉
종로구,구기동,비봉4길
마포구,신공덕동,만리재옛길
영등포구,당산동3가,당산
양천구,신정동,안양천
마포구,성산동,성산
강북구,번동,오현
종로구,명륜3가,명륜4길
관악구,남현동,남현6길
영등포구,영등포동2가,영중
종로구,신영동,세검정
서초구,내곡동,샘마을1길
종로구,옥인동,옥인5길
중랑구,신내동,망우
은평구,녹번동,은평
동대문구,전농동,황물
강서구,등촌동,화곡
동대문구,제기동,경동시장
영등포구,대림동,가마산
관악구,남현동,과천대
서대문구,남가좌동,명지대1가길
종로구,사직동,인왕산
관악구,신림동,방천길
중구,만리동1가,중림
마포구,공덕동,임정
광진구,광장동,아차산
서초구,원지동,새원6길
용산구,후암동,남산공원길
관악구,봉천동,낙성대역6길
성북구,동소문동5가,보문
성동구,용답동,용답23나길
강동구,강일동,풍산
관악구,봉천동,장군봉3길
성북구,돈암동,동소문
성동구,성수동1가,고산자
송파구,석촌동,가락
성동구,응봉동,살곶이길
영등포구,영등포동,신길
성동구,금호동3가,무수막7가길
중구,충무로4가,마른내
관악구,신림동,광신3길
종로구,부암동,백석동3길
중구,장충동2가,장충단
중구,남대문로4가,세종대
관악구,신림동,대학길
관악구,신림동,복은8길
서초구,방배동,청두곶14길
용산구,이태원동,이태원
관악구,봉천동,청룡12길
서대문구,연희동,홍제천
서대문구,영천동,독립문
중구,만리동2가,동호
중구,입정동,충무
마포구,아현동,신촌
마포구,도화동,독막
중랑구,묵동,신내
종로구,와룡동,창덕궁길
서초구,방배동,전원말안11길
서대문구,충정로2가,독립문
종로구,홍파동,송월길
중랑구,중화동,상봉중앙
중구,장교동,삼일대
성동구,성수동1가,둘레1길
성동구,성수동1가,성덕정11길
관악구,신림동,복은2길
중구,의주로1가,통일
동대문구,장안동,장한
노원구,하계동,동일
종로구,와룡동,창경궁
종로구,관수동,수표
서대문구,현저동,독립문공원길
관악구,신림동,조원중앙
노원구,하계동,섬밭
마포구,염리동,숭문4길
광진구,자양동,아차산
종로구,세종로,효자
서초구,반포동,사평대
성북구,삼선동1가,삼선교
용산구,한강로3가,서빙고
강동구,천호동,천호대
강동구,천호동,성안
서초구,서초동,반포대
금천구,독산동,남부순환
관악구,봉천동,행운1마길
강서구,개화동,개화6길
마포구,서교동,월드컵
종로구,세종로,새문안
동대문구,휘경동,겸재
마포구,토정동,대흥
성북구,보문동6가,보문
중구,봉래동2가,한강대
관악구,봉천동,인헌11길
영등포구,도림동,도영
강남구,청담동,도산대
관악구,신림동,양지6길
구로구,천왕동,개봉
강북구,수유동,도봉
성북구,정릉동,정릉
성북구,종암동,정릉
구로구,천왕동,금오
성북구,하월곡동,정릉
용산구,원효로3가,효창원
도봉구,창동,해등
강남구,삼성동,학동
마포구,성산동,새터산7길
용산구,한남동,유엔빌리지2길
성동구,금호동3가,무수막길
서대문구,냉천동,통일
서초구,염곡동,청계산
송파구,가락동,중대
양천구,신월동,신남2길
관악구,신림동,서원4길
종로구,계동,율곡
성동구,성수동1가,성덕정길
광진구,자양동,능동
서초구,원지동,새원8길
강동구,명일동,암사길
양천구,신정동,국회대
관악구,봉천동,은천
종로구,평창동,평창17길
서대문구,홍제동,홍제내2마길
관악구,신림동,양산길
관악구,신림동,난곡
송파구,풍납동,풍성
영등포구,당산동,선유
종로구,창신동,창신6가길
강북구,수유동,인수봉
서초구,반포동,주흥15길
마포구,성산동,성중길
영등포구,당산동1가,당산
성동구,하왕십리동,무학봉22길
서초구,방배동,전원말안5길
도봉구,도봉동,도봉산1길
종로구,홍지동,홍지문길
중구,충무로2가,명동10길
서대문구,천연동,통일
노원구,공릉동,공릉
마포구,신공덕동,백범
성동구,송정동,송정길
광진구,중곡동,긴고랑
마포구,노고산동,대흥
종로구,관훈동,인사동16길
서초구,서초동,서초대
중구,예장동,남산공원길
송파구,잠실동,도곡
양천구,목동,목동중앙
종로구,동숭동,낙산3길
종로구,평창동,평창34길
도봉구,쌍문동,우이천
양천구,신월동,곰달래
성동구,금호동3가,독서당
중구,다동,다동길
동대문구,답십리동,서울시립대
서대문구,홍은동,세검정
중구,충무로2가,명동8길
서초구,방배동,남부순환
영등포구,신길동,노량진
관악구,신림동,미성5길
강동구,고덕동,양재대
성동구,송정동,동일
성북구,하월곡동,월곡
서초구,방배동,청두곶2길
서대문구,홍은동,포방터길
관악구,봉천동,솔밭
구로구,고척동,목동남
강서구,마곡동,마곡동
영등포구,도림동,신길
관악구,신림동,약수암길
관악구,신림동,
성동구,용답동,용답중앙13길
성동구,용답동,용답29가길
은평구,증산동,증산서길
종로구,숭인동,동망산1길
강남구,도곡동,논현
구로구,가리봉동,우마2나길
서대문구,홍은동,명지대2길
구로구,궁동,고척
금천구,가산동,벚꽃
관악구,신림동,양지17길
광진구,중곡동,영화사
중구,만리동1가,만리재
종로구,옥인동,옥인1길
성동구,용답동,자동차시장길
영등포구,당산동5가,당산
강남구,논현동,강남대
강서구,외발산동,하늘길
종로구,신교동,자하문
마포구,염리동,토정
중구,중림동,서소문
성북구,안암동3가,보문
광진구,화양동,광나루
관악구,신림동,법원단지20길
구로구,궁동,오리
성북구,돈암동,아리랑
강서구,개화동,개화10가길
성북구,상월곡동,장월
중구,회현동1가,남대문시장길
관악구,신림동,호암
노원구,중계동,동일
성동구,성수동2가,둘레23길
성동구,하왕십리동,무학봉28길
종로구,종로6가,율곡
서초구,내곡동,샘마을2길
강서구,공항동,초원
관악구,봉천동,행운10길
종로구,원남동,동순라길
종로구,삼청동,삼청
서초구,원지동,원터길
강서구,마곡동,방화대
구로구,오류동,고척
마포구,성산동,성미산
서대문구,연희동,가좌
서초구,양재동,언남3길
중구,인현동2가,창경궁
구로구,구로동,남부순환
은평구,녹번동,서오릉
종로구,혜화동,창경궁
서초구,반포동,주흥길
양천구,신정동,신정중앙
송파구,장지동,새말
성동구,송정동,송정12다길
성북구,정릉동,북악산
종로구,교북동,통일
중구,장충동2가,남산공원길
종로구,연지동,대학
성북구,종암동,종암
종로구,견지동,인사동9길
마포구,당인동,독막
성동구,금호동1가,독서당
성동구,금호동3가,장터3길
서초구,서초동,고무래
종로구,숭인동,숭인동1길
서초구,양재동,언남20길
강서구,염창동,공항대
송파구,장지동,
구로구,구로동,경인
종로구,경운동,인사동4길
서대문구,홍제동,세무서2다길
마포구,당인동,어울마당
성북구,돈암동,성북
마포구,성산동,월드컵
종로구,평창동,평창문화
강남구,신사동,논현
종로구,연건동,율곡
마포구,성산동,새터산2길
도봉구,창동,노해
서초구,반포동,동광
서대문구,홍제동,세무서4길
성동구,성수동2가,연무장7가길
중구,남대문로2가,소공
관악구,신림동,광신5길
관악구,신림동,참숯1길
관악구,봉천동,복은길
성동구,성수동1가,왕십리
강서구,마곡동,마곡서
서대문구,홍제동,세무서2나길
서대문구,창천동,명물1길
서대문구,북가좌동,가좌
서초구,서초동,서리풀2길
은평구,증산동,증산
동대문구,제기동,회기
성북구,보문동6가,보문사길
종로구,창신동,창신5가길
중구,수표동,수표
중랑구,상봉동,봉화산
관악구,신림동,미성8길
광진구,자양동,자양번영
중구,충무로1가,명동8나길
관악구,신림동,법원단지22길
성동구,마장동,청계천
성북구,돈암동,정릉
중구,남대문로3가,남대문시장길
강서구,공항동,송정
송파구,풍납동,바람드리18길
마포구,염리동,숭문8길
종로구,평창동,평창42길
관악구,봉천동,국회단지23길
강동구,명일동,구천면
종로구,교남동,경교장길
관악구,신림동,서원1길
관악구,남현동,승방3나길
관악구,봉천동,청룡10길
관악구,신림동,미성1길
구로구,개봉동,서해안
중랑구,상봉동,봉우재
중구,남창동,남대문시장4길
마포구,망원동,방울내
광진구,광장동,강변북
성동구,하왕십리동,무학봉11길
마포구,대흥동,고산12길
영등포구,영등포동4가,영신
은평구,역촌동,증산
종로구,계동,계동6길
영등포구,대림동,도림천
종로구,창신동,창신3길
송파구,장지동,위례광장
종로구,혜화동,동숭길
성동구,성수동2가,성덕정23길
용산구,후암동,소월
도봉구,도봉동,도봉
송파구,장지동,위례순환
종로구,숭인동,숭인동2길
마포구,아현동,마포대
강남구,신사동,언주
관악구,신림동,신림동9길
관악구,신림동,난우10가길
구로구,궁동,신정
서초구,방배동,청두곶4길
종로구,평창동,평창25길
서대문구,홍제동,문화촌2길
중구,을지로2가,명동7길
서초구,신원동,새원말길
서대문구,홍제동,홍제내4길
관악구,남현동,남현1길
양천구,신정동,신정이펜2
성북구,하월곡동,오패산
관악구,신림동,미성10길
금천구,독산동,문성
양천구,신월동,절골8길
양천구,신월동,학등2길
성동구,금호동1가,난계
서대문구,충정로3가,충정
구로구,구로동,디지털
동대문구,신설동,청계천
중구,신당동,청구
관악구,봉천동,국회단지19길
마포구,성산동,새터산11길
성동구,용답동,용답중앙1가길
중구,예관동,마른내
종로구,구기동,홍지문길
중구,황학동,마장
관악구,봉천동,인헌21길
관악구,봉천동,장군봉8길
강동구,고덕동,상일
양천구,신월동,달맞이4길
관악구,신림동,원신3길
마포구,대흥동,광성
광진구,광장동,광장
송파구,방이동,동남
서대문구,대현동,이화여대길
송파구,석촌동,삼학사
종로구,이화동,이화장1가길
관악구,봉천동,청룡길
종로구,구기동,평창길
종로구,경운동,삼일대
마포구,신공덕동,효창목2길
마포구,염리동,숭문16길
관악구,신림동,난향2길
중구,장충동1가,동호
종로구,원서동,창덕궁1길
종로구,평창동,평창5길
용산구,한남동,유엔빌리지3길
관악구,봉천동,당곡2가길
서대문구,홍은동,가좌
광진구,화양동,능동
금천구,시흥동,호암
서초구,방배동,도구
강서구,방화동,초원
성북구,안암동1가,보문
양천구,신월동,지양
영등포구,문래동5가,선유
서초구,원지동,원터3길
은평구,역촌동,역말
중구,수표동,을지
은평구,대조동,통일
광진구,중곡동,자양
영등포구,영등포동3가,영중
용산구,산천동,새창
종로구,운니동,삼일대
성동구,사근동,살곶이길
종로구,이화동,충신4나길
도봉구,창동,우이천
관악구,신림동,양지16길
동대문구,이문동,휘경
마포구,공덕동,만리재옛6길
서대문구,홍제동,문화촌4길
마포구,서교동,양화
노원구,중계동,덕릉
강서구,공항동,공항대
종로구,창신동,창신6나길
마포구,당인동,와우산
강서구,내발산동,수명
종로구,관수동,청계천
노원구,중계동,섬밭
서초구,우면동,바우뫼
광진구,자양동,구의강변
종로구,관훈동,율곡
영등포구,여의도동,여의대
서초구,잠원동,신반포
광진구,자양동,자양
서대문구,영천동,성산
송파구,풍납동,바람드리5길
종로구,사직동,송월1길
강동구,길동,천호대
서대문구,홍제동,홍제원4길
관악구,봉천동,인헌12나길
노원구,상계동,누원
중구,남산동1가,소공
관악구,신림동,법원단지17길
관악구,봉천동,장군봉길
종로구,동숭동,대학
금천구,가산동,서부샛길
용산구,동빙고동,장문
관악구,신림동,미성3길
마포구,용강동,마포대
강북구,번동,덕릉
영등포구,당산동,당산
관악구,봉천동,봉천
관악구,신림동,양지7길
영등포구,신길동,신길
종로구,홍지동,홍지문2길
종로구,이화동,낙산성곽서1길
성동구,홍익동,고산자
종로구,권농동,서순라길
중랑구,망우동,양원역
은평구,신사동,갈현
서초구,방배동,전원말길
중랑구,중화동,봉화산
강서구,내발산동,마곡중앙
